matchup_id,game_date,home,away,playoffs,whos_favored,spread,total,moneyline_home,moneyline_away
HOU-OKC-2025-10-21,2025-10-21,OKC,HOU,0,home,6.5,225.5,,
GSW-LAL-2025-10-21,2025-10-21,LAL,GSW,0,away,2.5,227.5,,
BRK-CHO-2025-10-22,2025-10-22,CHO,BRK,0,home,5.5,228.5,,
CLE-NYK-2025-10-22,2025-10-22,NYK,CLE,0,away,1.5,229,,
MIA-ORL-2025-10-22,2025-10-22,ORL,MIA,0,home,8,215.5,,
PHI-BOS-2025-10-22,2025-10-22,BOS,PHI,0,home,5.5,230.5,,
TOR-ATL-2025-10-22,2025-10-22,ATL,TOR,0,home,5.5,238,,
NOP-MEM-2025-10-22,2025-10-22,MEM,NOP,0,home,4,236.5,,
DET-CHI-2025-10-22,2025-10-22,CHI,DET,0,away,3,236.5,,
WAS-MIL-2025-10-22,2025-10-22,MIL,WAS,0,home,10,228,,
LAC-UTA-2025-10-22,2025-10-22,UTA,LAC,0,away,9.5,225.5,,
SAS-DAL-2025-10-22,2025-10-22,DAL,SAS,0,home,3.5,224,,
SAC-PHO-2025-10-22,2025-10-22,PHO,SAC,0,home,3.5,228.5,,
MIN-POR-2025-10-22,2025-10-22,POR,MIN,0,away,4.5,222.5,,
OKC-IND-2025-10-23,2025-10-23,IND,OKC,0,away,7.5,231.5,,
DEN-GSW-2025-10-23,2025-10-23,GSW,DEN,0,home,1.5,233.5,,
MIL-TOR-2025-10-24,2025-10-24,TOR,MIL,0,home,2,235.5,,
ATL-ORL-2025-10-24,2025-10-24,ORL,ATL,0,home,5.5,235.5,,
BOS-NYK-2025-10-24,2025-10-24,NYK,BOS,0,home,3.5,231.5,,
CLE-BRK-2025-10-24,2025-10-24,BRK,CLE,0,away,11.5,230.5,,
MIA-MEM-2025-10-24,2025-10-24,MEM,MIA,0,home,3,232.5,,
SAS-NOP-2025-10-24,2025-10-24,NOP,SAS,0,away,4,233.5,,
DET-HOU-2025-10-24,2025-10-24,HOU,DET,0,home,6.5,226.5,,
WAS-DAL-2025-10-24,2025-10-24,DAL,WAS,0,home,9,228.5,,
MIN-LAL-2025-10-24,2025-10-24,LAL,MIN,0,away,1.5,226,,
GSW-POR-2025-10-24,2025-10-24,POR,GSW,0,away,2.5,228,,
UTA-SAC-2025-10-24,2025-10-24,SAC,UTA,0,home,5.5,235,,
PHO-LAC-2025-10-24,2025-10-24,LAC,PHO,0,home,10,223.5,,
CHI-ORL-2025-10-25,2025-10-25,ORL,CHI,0,home,6,233,,
OKC-ATL-2025-10-25,2025-10-25,ATL,OKC,0,away,8.5,237.5,,
CHO-PHI-2025-10-25,2025-10-25,PHI,CHO,0,home,4.5,237,,
IND-MEM-2025-10-25,2025-10-25,MEM,IND,0,home,2,240.5,,
PHO-DEN-2025-10-25,2025-10-25,DEN,PHO,0,home,13,233.5,,
BRK-SAS-2025-10-26,2025-10-26,SAS,BRK,0,home,10.5,227.5,,
BOS-DET-2025-10-26,2025-10-26,DET,BOS,0,home,2.5,227,,
MIL-CLE-2025-10-26,2025-10-26,CLE,MIL,0,home,6.5,234.5,,
NYK-MIA-2025-10-26,2025-10-26,MIA,NYK,0,away,3.5,230.5,,
CHO-WAS-2025-10-26,2025-10-26,WAS,CHO,0,home,1.5,240,,
IND-MIN-2025-10-26,2025-10-26,MIN,IND,0,home,12,228.5,,
TOR-DAL-2025-10-26,2025-10-26,DAL,TOR,0,away,1.5,231.5,,
LAL-SAC-2025-10-26,2025-10-26,SAC,LAL,0,home,3.5,224.5,,
POR-LAC-2025-10-26,2025-10-26,LAC,POR,0,home,8.5,225,,
CLE-DET-2025-10-27,2025-10-27,DET,CLE,0,away,2,231.5,,
ORL-PHI-2025-10-27,2025-10-27,PHI,ORL,0,away,6.5,227.5,,
TOR-SAS-2025-10-27,2025-10-27,SAS,TOR,0,home,4.5,232.5,,
BRK-HOU-2025-10-27,2025-10-27,HOU,BRK,0,home,15.5,225,,
ATL-CHI-2025-10-27,2025-10-27,CHI,ATL,0,away,2.5,244.5,,
BOS-NOP-2025-10-27,2025-10-27,NOP,BOS,0,away,4.5,231.5,,
OKC-DAL-2025-10-27,2025-10-27,DAL,OKC,0,away,9,225.5,,
PHO-UTA-2025-10-27,2025-10-27,UTA,PHO,0,home,1.5,230,,
DEN-MIN-2025-10-27,2025-10-27,MIN,DEN,0,away,6,229.5,,
MEM-GSW-2025-10-27,2025-10-27,GSW,MEM,0,home,8,240.5,,
POR-LAL-2025-10-27,2025-10-27,LAL,POR,0,away,3.5,227.5,,
PHI-WAS-2025-10-28,2025-10-28,WAS,PHI,0,away,4.5,239.5,,
CHO-MIA-2025-10-28,2025-10-28,MIA,CHO,0,home,4.5,240,,
SAC-OKC-2025-10-28,2025-10-28,OKC,SAC,0,home,9,227,,
NYK-MIL-2025-10-28,2025-10-28,MIL,NYK,0,away,2,230,,
LAC-GSW-2025-10-28,2025-10-28,GSW,LAC,0,away,1.5,224.5,,
HOU-TOR-2025-10-29,2025-10-29,TOR,HOU,0,away,5.5,233.5,,
CLE-BOS-2025-10-29,2025-10-29,BOS,CLE,0,away,3.5,233.5,,
ORL-DET-2025-10-29,2025-10-29,DET,ORL,0,away,1.5,227.5,,
ATL-BRK-2025-10-29,2025-10-29,BRK,ATL,0,away,8,239.5,,
SAC-CHI-2025-10-29,2025-10-29,CHI,SAC,0,home,4.5,238,,
IND-DAL-2025-10-29,2025-10-29,DAL,IND,0,home,6,229.5,,
POR-UTA-2025-10-29,2025-10-29,UTA,POR,0,away,3,235.5,,
NOP-DEN-2025-10-29,2025-10-29,DEN,NOP,0,home,11.5,238.5,,
LAL-MIN-2025-10-29,2025-10-29,MIN,LAL,0,home,8,224.5,,
MEM-PHO-2025-10-29,2025-10-29,PHO,MEM,0,away,2,242.5,,
ORL-CHO-2025-10-30,2025-10-30,CHO,ORL,0,away,3.5,238.5,,
WAS-OKC-2025-10-30,2025-10-30,OKC,WAS,0,home,15.5,231.5,,
GSW-MIL-2025-10-30,2025-10-30,MIL,GSW,0,away,8,228.5,,
MIA-SAS-2025-10-30,2025-10-30,SAS,MIA,0,home,5.5,228.5,,
ATL-IND-2025-10-31,2025-10-31,IND,ATL,0,away,2.5,232,,
BOS-PHI-2025-10-31,2025-10-31,PHI,BOS,0,away,1.5,234,,
TOR-CLE-2025-10-31,2025-10-31,CLE,TOR,0,home,4.5,236.5,,
NYK-CHI-2025-10-31,2025-10-31,CHI,NYK,0,away,5,233.5,,
LAL-MEM-2025-10-31,2025-10-31,MEM,LAL,0,away,2,238.5,,
DEN-POR-2025-10-31,2025-10-31,POR,DEN,0,away,5.5,240,,
UTA-PHO-2025-10-31,2025-10-31,PHO,UTA,0,home,3.5,238,,
NOP-LAC-2025-10-31,2025-10-31,LAC,NOP,0,home,11,223,,
SAC-MIL-2025-11-01,2025-11-01,MIL,SAC,0,home,6.5,233,,
MIN-CHO-2025-11-01,2025-11-01,CHO,MIN,0,away,4.5,234.5,,
ORL-WAS-2025-11-01,2025-11-01,WAS,ORL,0,away,9,234,,
GSW-IND-2025-11-01,2025-11-01,IND,GSW,0,away,10.5,230,,
HOU-BOS-2025-11-01,2025-11-01,BOS,HOU,0,away,4.5,226.5,,
DAL-DET-2025-11-01,2025-11-01,DET,DAL,0,home,7.5,227.5,,
NOP-OKC-2025-11-02,2025-11-02,OKC,NOP,0,home,13,228.5,,
MEM-TOR-2025-11-02,2025-11-02,TOR,MEM,0,home,4.5,238.5,,
ATL-CLE-2025-11-02,2025-11-02,CLE,ATL,0,home,6.5,229.5,,
PHI-BRK-2025-11-02,2025-11-02,BRK,PHI,0,away,4.5,233,,
UTA-CHO-2025-11-02,2025-11-02,CHO,UTA,0,away,1.5,232.5,,
CHI-NYK-2025-11-02,2025-11-02,NYK,CHI,0,home,7.5,235,,
SAS-PHO-2025-11-02,2025-11-02,PHO,SAS,0,away,5,227.5,,
MIA-LAL-2025-11-02,2025-11-02,LAL,MIA,0,home,5,232.5,,
MIN-BRK-2025-11-03,2025-11-03,BRK,MIN,0,away,10,226,,
MIL-IND-2025-11-03,2025-11-03,IND,MIL,0,away,6.5,235.5,,
UTA-BOS-2025-11-03,2025-11-03,BOS,UTA,0,home,10.5,233,,
WAS-NYK-2025-11-03,2025-11-03,NYK,WAS,0,home,13,234,,
DAL-HOU-2025-11-03,2025-11-03,HOU,DAL,0,home,12.5,225.5,,
DET-MEM-2025-11-03,2025-11-03,MEM,DET,0,away,4,236,,
SAC-DEN-2025-11-03,2025-11-03,DEN,SAC,0,home,11.5,237,,
LAL-POR-2025-11-03,2025-11-03,POR,LAL,0,home,9.5,228,,
MIA-LAC-2025-11-03,2025-11-03,LAC,MIA,0,home,7.5,227.5,,
MIL-TOR-2025-11-04,2025-11-04,TOR,MIL,0,home,2.5,237,,
ORL-ATL-2025-11-04,2025-11-04,ATL,ORL,0,away,3.5,229.5,,
PHI-CHI-2025-11-04,2025-11-04,CHI,PHI,0,home,2,240.5,,
CHO-NOP-2025-11-04,2025-11-04,NOP,CHO,0,home,3,229,,
PHO-GSW-2025-11-04,2025-11-04,GSW,PHO,0,home,10.5,235.5,,
OKC-LAC-2025-11-04,2025-11-04,LAC,OKC,0,away,8.5,219.5,,
PHI-CLE-2025-11-05,2025-11-05,CLE,PHI,0,home,12.5,235,,
UTA-DET-2025-11-05,2025-11-05,DET,UTA,0,home,9.5,232.5,,
BRK-IND-2025-11-05,2025-11-05,IND,BRK,0,home,6.5,233,,
MIN-NYK-2025-11-05,2025-11-05,NYK,MIN,0,home,3.5,228.5,,
WAS-BOS-2025-11-05,2025-11-05,BOS,WAS,0,home,13,232.5,,
HOU-MEM-2025-11-05,2025-11-05,MEM,HOU,0,away,7.5,232.5,,
NOP-DAL-2025-11-05,2025-11-05,DAL,NOP,0,home,8,226,,
MIA-DEN-2025-11-05,2025-11-05,DEN,MIA,0,home,9,241.5,,
SAS-LAL-2025-11-05,2025-11-05,LAL,SAS,0,away,1.5,227.5,,
OKC-POR-2025-11-05,2025-11-05,POR,OKC,0,away,3.5,231.5,,
GSW-SAC-2025-11-05,2025-11-05,SAC,GSW,0,home,2.5,225,,
LAC-PHO-2025-11-06,2025-11-06,PHO,LAC,0,home,2.5,224.5,,
BOS-ORL-2025-11-07,2025-11-07,ORL,BOS,0,home,3.5,226.5,,
CLE-WAS-2025-11-07,2025-11-07,WAS,CLE,0,away,13.5,241.5,,
TOR-ATL-2025-11-07,2025-11-07,ATL,TOR,0,home,2.5,235,,
DET-BRK-2025-11-07,2025-11-07,BRK,DET,0,away,10.5,227,,
HOU-SAS-2025-11-07,2025-11-07,SAS,HOU,0,away,4,224.5,,
CHO-MIA-2025-11-07,2025-11-07,MIA,CHO,0,home,7,235.5,,
DAL-MEM-2025-11-07,2025-11-07,MEM,DAL,0,home,4,232.5,,
CHI-MIL-2025-11-07,2025-11-07,MIL,CHI,0,home,4.5,240,,
UTA-MIN-2025-11-07,2025-11-07,MIN,UTA,0,home,12.5,233,,
GSW-DEN-2025-11-07,2025-11-07,DEN,GSW,0,home,9.5,230,,
OKC-SAC-2025-11-07,2025-11-07,SAC,OKC,0,away,11.5,234.5,,
DAL-WAS-2025-11-08,2025-11-08,WAS,DAL,0,away,4.5,233.5,,
TOR-PHI-2025-11-08,2025-11-08,PHI,TOR,0,home,5,237,,
LAL-ATL-2025-11-08,2025-11-08,ATL,LAL,0,away,5.5,228.5,,
CHI-CLE-2025-11-08,2025-11-08,CLE,CHI,0,home,8.5,239,,
POR-MIA-2025-11-08,2025-11-08,MIA,POR,0,away,3.5,242,,
NOP-SAS-2025-11-08,2025-11-08,SAS,NOP,0,home,11,224.5,,
IND-DEN-2025-11-08,2025-11-08,DEN,IND,0,home,9.5,234.5,,
PHO-LAC-2025-11-08,2025-11-08,LAC,PHO,0,home,4.5,226.5,,
HOU-MIL-2025-11-09,2025-11-09,MIL,HOU,0,away,4,232.5,,
BRK-NYK-2025-11-09,2025-11-09,NYK,BRK,0,home,15.5,226.5,,
BOS-ORL-2025-11-09,2025-11-09,ORL,BOS,0,home,3.5,227.5,,
OKC-MEM-2025-11-09,2025-11-09,MEM,OKC,0,away,10.5,230.5,,
DET-PHI-2025-11-09,2025-11-09,PHI,DET,0,away,4.5,234.5,,
IND-GSW-2025-11-09,2025-11-09,GSW,IND,0,home,12.5,221.5,,
MIN-SAC-2025-11-09,2025-11-09,SAC,MIN,0,away,4.5,237.5,,
LAL-CHO-2025-11-10,2025-11-10,CHO,LAL,0,away,8.5,230.5,,
WAS-DET-2025-11-10,2025-11-10,DET,WAS,0,home,11,236.5,,
POR-ORL-2025-11-10,2025-11-10,ORL,POR,0,home,2,235,,
CLE-MIA-2025-11-10,2025-11-10,MIA,CLE,0,away,7.5,248.5,,
SAS-CHI-2025-11-10,2025-11-10,CHI,SAS,0,away,5.5,235.5,,
MIL-DAL-2025-11-10,2025-11-10,DAL,MIL,0,away,3.5,229,,
NOP-PHO-2025-11-10,2025-11-10,PHO,NOP,0,home,8.5,226.5,,
MIN-UTA-2025-11-10,2025-11-10,UTA,MIN,0,away,7.5,235.5,,
ATL-LAC-2025-11-10,2025-11-10,LAC,ATL,0,home,4.5,221,,
TOR-BRK-2025-11-11,2025-11-11,BRK,TOR,0,away,10,231.5,,
MEM-NYK-2025-11-11,2025-11-11,NYK,MEM,0,home,10,233,,
BOS-PHI-2025-11-11,2025-11-11,PHI,BOS,0,away,1.5,230.5,,
GSW-OKC-2025-11-11,2025-11-11,OKC,GSW,0,home,8.5,227.5,,
IND-UTA-2025-11-11,2025-11-11,UTA,IND,0,away,2.5,233.5,,
DEN-SAC-2025-11-11,2025-11-11,SAC,DEN,0,away,8.5,244.5,,
MIL-CHO-2025-11-12,2025-11-12,CHO,MIL,0,away,2.5,228,,
CHI-DET-2025-11-12,2025-11-12,DET,CHI,0,away,3,230,,
ORL-NYK-2025-11-12,2025-11-12,NYK,ORL,0,home,4,227.5,,
MEM-BOS-2025-11-12,2025-11-12,BOS,MEM,0,home,8.5,227.5,,
CLE-MIA-2025-11-12,2025-11-12,MIA,CLE,0,home,4.5,239.5,,
WAS-HOU-2025-11-12,2025-11-12,HOU,WAS,0,home,16.5,237,,
POR-NOP-2025-11-12,2025-11-12,NOP,POR,0,away,8,232,,
GSW-SAS-2025-11-12,2025-11-12,SAS,GSW,0,home,3.5,232.5,,
PHO-DAL-2025-11-12,2025-11-12,DAL,PHO,0,away,2,227.5,,
LAL-OKC-2025-11-12,2025-11-12,OKC,LAL,0,home,8,229.5,,
ATL-SAC-2025-11-12,2025-11-12,SAC,ATL,0,away,4.5,230.5,,
DEN-LAC-2025-11-12,2025-11-12,LAC,DEN,0,away,4.5,225,,
TOR-CLE-2025-11-13,2025-11-13,CLE,TOR,0,home,7.5,238.5,,
IND-PHO-2025-11-13,2025-11-13,PHO,IND,0,home,3.5,233.5,,
ATL-UTA-2025-11-13,2025-11-13,UTA,ATL,0,away,1.5,234.5,,
MIA-NYK-2025-11-14,2025-11-14,NYK,MIA,0,home,6.5,240.5,,
BRK-ORL-2025-11-14,2025-11-14,ORL,BRK,0,home,14.5,224.5,,
PHI-DET-2025-11-14,2025-11-14,DET,PHI,0,home,1,229.5,,
POR-HOU-2025-11-14,2025-11-14,HOU,POR,0,home,7.5,236.5,,
CHO-MIL-2025-11-14,2025-11-14,MIL,CHO,0,home,9,238,,
SAC-MIN-2025-11-14,2025-11-14,MIN,SAC,0,home,11.5,240,,
LAL-NOP-2025-11-14,2025-11-14,NOP,LAL,0,away,9.5,227.5,,
LAC-DAL-2025-11-14,2025-11-14,DAL,LAC,0,away,3,221,,
GSW-SAS-2025-11-14,2025-11-14,SAS,GSW,0,home,2.5,233.5,,
MEM-CLE-2025-11-15,2025-11-15,CLE,MEM,0,home,10.5,241.5,,
OKC-CHO-2025-11-15,2025-11-15,CHO,OKC,0,away,17.5,224,,
TOR-IND-2025-11-15,2025-11-15,IND,TOR,0,away,6,236.5,,
LAL-MIL-2025-11-15,2025-11-15,MIL,LAL,0,home,2,230,,
DEN-MIN-2025-11-15,2025-11-15,MIN,DEN,0,away,1,237,,
LAC-BOS-2025-11-16,2025-11-16,BOS,LAC,0,home,5.5,219.5,,
SAC-SAS-2025-11-16,2025-11-16,SAS,SAC,0,home,6.5,242.5,,
BRK-WAS-2025-11-16,2025-11-16,WAS,BRK,0,home,2.5,231.5,,
ORL-HOU-2025-11-16,2025-11-16,HOU,ORL,0,home,7.5,223.5,,
GSW-NOP-2025-11-16,2025-11-16,NOP,GSW,0,away,11,226.5,,
POR-DAL-2025-11-16,2025-11-16,DAL,POR,0,away,2.5,236.5,,
ATL-PHO-2025-11-16,2025-11-16,PHO,ATL,0,home,1.5,226,,
CHI-UTA-2025-11-16,2025-11-16,UTA,CHI,0,away,4.5,244.5,,
MIL-CLE-2025-11-17,2025-11-17,CLE,MIL,0,home,6,235,,
IND-DET-2025-11-17,2025-11-17,DET,IND,0,home,8,230.5,,
LAC-PHI-2025-11-17,2025-11-17,PHI,LAC,0,home,5.5,222.5,,
NYK-MIA-2025-11-17,2025-11-17,MIA,NYK,0,home,1,244.5,,
CHO-TOR-2025-11-17,2025-11-17,TOR,CHO,0,home,7.5,240,,
DAL-MIN-2025-11-17,2025-11-17,MIN,DAL,0,home,14,232,,
OKC-NOP-2025-11-17,2025-11-17,NOP,OKC,0,away,18.5,223,,
CHI-DEN-2025-11-17,2025-11-17,DEN,CHI,0,home,12.5,241,,
GSW-ORL-2025-11-18,2025-11-18,ORL,GSW,0,away,2.5,223.5,,
DET-ATL-2025-11-18,2025-11-18,ATL,DET,0,away,1.5,227,,
BOS-BRK-2025-11-18,2025-11-18,BRK,BOS,0,away,11,223,,
MEM-SAS-2025-11-18,2025-11-18,SAS,MEM,0,home,6,234,,
UTA-LAL-2025-11-18,2025-11-18,LAL,UTA,0,home,13,239.5,,
PHO-POR-2025-11-18,2025-11-18,POR,PHO,0,home,1.5,235.5,,
HOU-CLE-2025-11-19,2025-11-19,CLE,HOU,0,away,1.5,233.5,,
TOR-PHI-2025-11-19,2025-11-19,PHI,TOR,0,away,2.5,234,,
CHO-IND-2025-11-19,2025-11-19,IND,CHO,0,away,2,238.5,,
GSW-MIA-2025-11-19,2025-11-19,MIA,GSW,0,home,10.5,234.5,,
DEN-NOP-2025-11-19,2025-11-19,NOP,DEN,0,away,10.5,235,,
WAS-MIN-2025-11-19,2025-11-19,MIN,WAS,0,home,16.5,239.5,,
SAC-OKC-2025-11-19,2025-11-19,OKC,SAC,0,home,18.5,232.5,,
NYK-DAL-2025-11-19,2025-11-19,DAL,NYK,0,away,8.5,233.5,,
CHI-POR-2025-11-19,2025-11-19,POR,CHI,0,away,3.5,245,,
LAC-ORL-2025-11-20,2025-11-20,ORL,LAC,0,home,6.5,218.5,,
PHI-MIL-2025-11-20,2025-11-20,MIL,PHI,0,away,1.5,223.5,,
SAC-MEM-2025-11-20,2025-11-20,MEM,SAC,0,home,3.5,234.5,,
ATL-SAS-2025-11-20,2025-11-20,SAS,ATL,0,home,1,233.5,,
IND-CLE-2025-11-21,2025-11-21,CLE,IND,0,home,13.5,241.5,,
BRK-BOS-2025-11-21,2025-11-21,BOS,BRK,0,home,13.5,222,,
WAS-TOR-2025-11-21,2025-11-21,TOR,WAS,0,home,14,239,,
MIA-CHI-2025-11-21,2025-11-21,CHI,MIA,0,home,2.5,250.5,,
NOP-DAL-2025-11-21,2025-11-21,DAL,NOP,0,home,3.5,234,,
MIN-PHO-2025-11-21,2025-11-21,PHO,MIN,0,away,4.5,230.5,,
DEN-HOU-2025-11-21,2025-11-21,HOU,DEN,0,home,3,234.5,,
OKC-UTA-2025-11-21,2025-11-21,UTA,OKC,0,away,16.5,234.5,,
POR-GSW-2025-11-21,2025-11-21,GSW,POR,0,home,10.5,237,,
LAC-CHO-2025-11-22,2025-11-22,CHO,LAC,0,home,1,227.5,,
NYK-ORL-2025-11-22,2025-11-22,ORL,NYK,0,home,2,230.5,,
ATL-NOP-2025-11-22,2025-11-22,NOP,ATL,0,away,10,232.5,,
WAS-CHI-2025-11-22,2025-11-22,CHI,WAS,0,home,12.5,246,,
DET-MIL-2025-11-22,2025-11-22,MIL,DET,0,away,8,225.5,,
MEM-DAL-2025-11-22,2025-11-22,DAL,MEM,0,away,1,229.5,,
SAC-DEN-2025-11-22,2025-11-22,DEN,SAC,0,home,11,239.5,,
MIA-PHI-2025-11-23,2025-11-23,PHI,MIA,0,away,1,241,,
CHO-ATL-2025-11-23,2025-11-23,ATL,CHO,0,home,8,228.5,,
ORL-BOS-2025-11-23,2025-11-23,BOS,ORL,0,home,4,223.5,,
LAC-CLE-2025-11-23,2025-11-23,CLE,LAC,0,home,7.5,229.5,,
BRK-TOR-2025-11-23,2025-11-23,TOR,BRK,0,home,11.5,229.5,,
POR-OKC-2025-11-23,2025-11-23,OKC,POR,0,home,16.5,233.5,,
LAL-UTA-2025-11-23,2025-11-23,UTA,LAL,0,away,9.5,245,,
SAS-PHO-2025-11-23,2025-11-23,PHO,SAS,0,home,1.5,234.5,,
DET-IND-2025-11-24,2025-11-24,IND,DET,0,away,10,236.5,,
CLE-TOR-2025-11-24,2025-11-24,TOR,CLE,0,home,1.5,231.5,,
NYK-BRK-2025-11-24,2025-11-24,BRK,NYK,0,away,12.5,229,,
DAL-MIA-2025-11-24,2025-11-24,MIA,DAL,0,home,7.5,240.5,,
CHI-NOP-2025-11-24,2025-11-24,NOP,CHI,0,away,5,244.5,,
POR-MIL-2025-11-24,2025-11-24,MIL,POR,0,home,1,230.5,,
DEN-MEM-2025-11-24,2025-11-24,MEM,DEN,0,away,6.5,235.5,,
HOU-PHO-2025-11-24,2025-11-24,PHO,HOU,0,away,6.5,222.5,,
MIN-SAC-2025-11-24,2025-11-24,SAC,MIN,0,away,10.5,238,,
UTA-GSW-2025-11-24,2025-11-24,GSW,UTA,0,home,13.5,239.5,,
ATL-WAS-2025-11-25,2025-11-25,WAS,ATL,0,away,11,239.5,,
ORL-PHI-2025-11-25,2025-11-25,PHI,ORL,0,away,5,229,,
LAC-LAL-2025-11-25,2025-11-25,LAL,LAC,0,home,6,227.5,,
DET-BOS-2025-11-26,2025-11-26,BOS,DET,0,away,2,234,,
NYK-CHO-2025-11-26,2025-11-26,CHO,NYK,0,away,6.5,242.5,,
MIL-MIA-2025-11-26,2025-11-26,MIA,MIL,0,home,10.5,237,,
IND-TOR-2025-11-26,2025-11-26,TOR,IND,0,home,10,234,,
MIN-OKC-2025-11-26,2025-11-26,OKC,MIN,0,home,11,226,,
MEM-NOP-2025-11-26,2025-11-26,NOP,MEM,0,away,3.5,236.5,,
HOU-GSW-2025-11-26,2025-11-26,GSW,HOU,0,home,3.5,224.5,,
SAS-POR-2025-11-26,2025-11-26,POR,SAS,0,away,1.5,240,,
PHO-SAC-2025-11-26,2025-11-26,SAC,PHO,0,away,4.5,234,,
CLE-ATL-2025-11-28,2025-11-28,ATL,CLE,0,away,6.5,236.5,,
PHI-BRK-2025-11-28,2025-11-28,BRK,PHI,0,away,7,222.5,,
CHI-CHO-2025-11-28,2025-11-28,CHO,CHI,0,away,3,248.5,,
ORL-DET-2025-11-28,2025-11-28,DET,ORL,0,home,3.5,230.5,,
WAS-IND-2025-11-28,2025-11-28,IND,WAS,0,home,6.5,240.5,,
MIL-NYK-2025-11-28,2025-11-28,NYK,MIL,0,home,7.5,232.5,,
PHO-OKC-2025-11-28,2025-11-28,OKC,PHO,0,home,14.5,223.5,,
SAS-DEN-2025-11-28,2025-11-28,DEN,SAS,0,home,7,238.5,,
SAC-UTA-2025-11-28,2025-11-28,UTA,SAC,0,home,2.5,242,,
DAL-LAL-2025-11-28,2025-11-28,LAL,DAL,0,home,10,232.5,,
MEM-LAC-2025-11-28,2025-11-28,LAC,MEM,0,home,6.5,224.5,,
BOS-MIN-2025-11-29,2025-11-29,MIN,BOS,0,home,6,229.5,,
TOR-CHO-2025-11-29,2025-11-29,CHO,TOR,0,away,6.5,234,,
CHI-IND-2025-11-29,2025-11-29,IND,CHI,0,away,2.5,240,,
DET-MIA-2025-11-29,2025-11-29,MIA,DET,0,home,3.5,239.5,,
BRK-MIL-2025-11-29,2025-11-29,MIL,BRK,0,home,11.5,218.5,,
NOP-GSW-2025-11-29,2025-11-29,GSW,NOP,0,home,10,228,,
DEN-PHO-2025-11-29,2025-11-29,PHO,DEN,0,away,3.5,233.5,,
DAL-LAC-2025-11-29,2025-11-29,LAC,DAL,0,home,9.5,224.5,,
HOU-UTA-2025-11-30,2025-11-30,UTA,HOU,0,away,11.5,233.5,,
BOS-CLE-2025-11-30,2025-11-30,CLE,BOS,0,home,7.5,235,,
TOR-NYK-2025-11-30,2025-11-30,NYK,TOR,0,home,8.5,229,,
ATL-PHI-2025-11-30,2025-11-30,PHI,ATL,0,home,3,232.5,,
OKC-POR-2025-11-30,2025-11-30,POR,OKC,0,away,11.5,234,,
SAS-MIN-2025-11-30,2025-11-30,MIN,SAS,0,home,4.5,234,,
MEM-SAC-2025-11-30,2025-11-30,SAC,MEM,0,away,3,233.5,,
NOP-LAL-2025-11-30,2025-11-30,LAL,NOP,0,home,15.5,228.5,,
ATL-DET-2025-12-01,2025-12-01,DET,ATL,0,home,9.5,232.5,,
CLE-IND-2025-12-01,2025-12-01,IND,CLE,0,away,4.5,231,,
MIL-WAS-2025-12-01,2025-12-01,WAS,MIL,0,away,10.5,232.5,,
CHO-BRK-2025-12-01,2025-12-01,BRK,CHO,0,away,4.5,228.5,,
LAC-MIA-2025-12-01,2025-12-01,MIA,LAC,0,home,6.5,235.5,,
CHI-ORL-2025-12-01,2025-12-01,ORL,CHI,0,home,9.5,239.5,,
DAL-DEN-2025-12-01,2025-12-01,DEN,DAL,0,home,11.5,235.5,,
HOU-UTA-2025-12-01,2025-12-01,UTA,HOU,0,away,11.5,234.5,,
PHO-LAL-2025-12-01,2025-12-01,LAL,PHO,0,home,5.5,231.5,,
WAS-PHI-2025-12-02,2025-12-02,PHI,WAS,0,home,13.5,234.5,,
POR-TOR-2025-12-02,2025-12-02,TOR,POR,0,home,5,230.5,,
NYK-BOS-2025-12-02,2025-12-02,BOS,NYK,0,away,1,230.5,,
MIN-NOP-2025-12-02,2025-12-02,NOP,MIN,0,away,12.5,229.5,,
MEM-SAS-2025-12-02,2025-12-02,SAS,MEM,0,home,5,232.5,,
OKC-GSW-2025-12-02,2025-12-02,GSW,OKC,0,away,11,223.5,,
POR-CLE-2025-12-03,2025-12-03,CLE,POR,0,home,10.5,243.5,,
DEN-IND-2025-12-03,2025-12-03,IND,DEN,0,away,8,237.5,,
SAS-ORL-2025-12-03,2025-12-03,ORL,SAS,0,home,8.5,235.5,,
LAC-ATL-2025-12-03,2025-12-03,ATL,LAC,0,home,1.5,225.5,,
CHO-NYK-2025-12-03,2025-12-03,NYK,CHO,0,home,9.5,236,,
BRK-CHI-2025-12-03,2025-12-03,CHI,BRK,0,home,8,231.5,,
SAC-HOU-2025-12-03,2025-12-03,HOU,SAC,0,home,15.5,230.5,,
DET-MIL-2025-12-03,2025-12-03,MIL,DET,0,away,4.5,228.5,,
MIA-DAL-2025-12-03,2025-12-03,DAL,MIA,0,away,4.5,238.5,,
BOS-WAS-2025-12-04,2025-12-04,WAS,BOS,0,away,10.5,231,,
GSW-PHI-2025-12-04,2025-12-04,PHI,GSW,0,home,4,224,,
UTA-BRK-2025-12-04,2025-12-04,BRK,UTA,0,away,5,231,,
LAL-TOR-2025-12-04,2025-12-04,TOR,LAL,0,home,2.5,228.5,,
MIN-NOP-2025-12-04,2025-12-04,NOP,MIN,0,away,11.5,233,,
LAL-BOS-2025-12-05,2025-12-05,BOS,LAL,0,home,9,227.5,,
MIA-ORL-2025-12-05,2025-12-05,ORL,MIA,0,home,6.5,241,,
CHO-TOR-2025-12-05,2025-12-05,TOR,CHO,0,home,6.5,230.5,,
POR-DET-2025-12-05,2025-12-05,DET,POR,0,home,8.5,236.5,,
SAS-CLE-2025-12-05,2025-12-05,CLE,SAS,0,home,5.5,238.5,,
DEN-ATL-2025-12-05,2025-12-05,ATL,DEN,0,away,3.5,238.5,,
UTA-NYK-2025-12-05,2025-12-05,NYK,UTA,0,home,16,243.5,,
IND-CHI-2025-12-05,2025-12-05,CHI,IND,0,home,4.5,235,,
LAC-MEM-2025-12-05,2025-12-05,MEM,LAC,0,away,2,223.5,,
PHI-MIL-2025-12-05,2025-12-05,MIL,PHI,0,away,1,221.5,,
PHO-HOU-2025-12-05,2025-12-05,HOU,PHO,0,home,8.5,219.5,,
DAL-OKC-2025-12-05,2025-12-05,OKC,DAL,0,home,15.5,229.5,,
NOP-BRK-2025-12-06,2025-12-06,BRK,NOP,0,home,3.5,227.5,,
ATL-WAS-2025-12-06,2025-12-06,WAS,ATL,0,away,9.5,237.5,,
GSW-CLE-2025-12-06,2025-12-06,CLE,GSW,0,home,9,230,,
MIL-DET-2025-12-06,2025-12-06,DET,MIL,0,home,12.5,223.5,,
LAC-MIN-2025-12-06,2025-12-06,MIN,LAC,0,home,8.5,228,,
SAC-MIA-2025-12-06,2025-12-06,MIA,SAC,0,home,9,241.5,,
HOU-DAL-2025-12-06,2025-12-06,DAL,HOU,0,away,6.5,221,,
ORL-NYK-2025-12-07,2025-12-07,NYK,ORL,0,home,1.5,229.5,,
BOS-TOR-2025-12-07,2025-12-07,TOR,BOS,0,away,3.5,224.5,,
DEN-CHO-2025-12-07,2025-12-07,CHO,DEN,0,away,10.5,235.5,,
POR-MEM-2025-12-07,2025-12-07,MEM,POR,0,home,2,232.5,,
GSW-CHI-2025-12-07,2025-12-07,CHI,GSW,0,away,1,229.5,,
LAL-PHI-2025-12-07,2025-12-07,PHI,LAL,0,away,2.5,233.5,,
OKC-UTA-2025-12-07,2025-12-07,UTA,OKC,0,away,11.5,233.5,,
SAC-IND-2025-12-08,2025-12-08,IND,SAC,0,home,3.5,232,,
PHO-MIN-2025-12-08,2025-12-08,MIN,PHO,0,home,8,226,,
SAS-NOP-2025-12-08,2025-12-08,NOP,SAS,0,away,8.5,238,,
MIA-ORL-2025-12-09,2025-12-09,ORL,MIA,0,home,1.5,235,,
NYK-TOR-2025-12-09,2025-12-09,TOR,NYK,0,away,6.5,226.5,,
PHO-OKC-2025-12-10,2025-12-10,OKC,PHO,0,home,15.5,221.5,,
SAS-LAL-2025-12-10,2025-12-10,LAL,SAS,0,home,7,242.5,,
LAC-HOU-2025-12-11,2025-12-11,HOU,LAC,0,home,8.5,221,,
BOS-MIL-2025-12-11,2025-12-11,MIL,BOS,0,away,9.5,223,,
POR-NOP-2025-12-11,2025-12-11,NOP,POR,0,away,3.5,242.5,,
DEN-SAC-2025-12-11,2025-12-11,SAC,DEN,0,away,10.5,239.5,,
CHI-CHO-2025-12-12,2025-12-12,CHO,CHI,0,away,3,229.5,,
ATL-DET-2025-12-12,2025-12-12,DET,ATL,0,home,7,233,,
IND-PHI-2025-12-12,2025-12-12,PHI,IND,0,home,5.5,221.5,,
CLE-WAS-2025-12-12,2025-12-12,WAS,CLE,0,away,17,246,,
UTA-MEM-2025-12-12,2025-12-12,MEM,UTA,0,home,7.5,243.5,,
BRK-DAL-2025-12-12,2025-12-12,DAL,BRK,0,home,7,218.5,,
MIN-GSW-2025-12-12,2025-12-12,GSW,MIN,0,home,4.5,228.5,,
NYK-ORL-2025-12-13,2025-12-13,ORL,NYK,0,away,4,225,,
SAS-OKC-2025-12-13,2025-12-13,OKC,SAS,0,home,10.5,233.5,,
WAS-IND-2025-12-14,2025-12-14,IND,WAS,0,home,10,233.5,,
CHO-CLE-2025-12-14,2025-12-14,CLE,CHO,0,home,12,233,,
PHI-ATL-2025-12-14,2025-12-14,ATL,PHI,0,home,4.5,225.5,,
MIL-BRK-2025-12-14,2025-12-14,BRK,MIL,0,away,1.5,216.5,,
SAC-MIN-2025-12-14,2025-12-14,MIN,SAC,0,home,9.5,235.5,,
NOP-CHI-2025-12-14,2025-12-14,CHI,NOP,0,home,4.5,248,,
LAL-PHO-2025-12-14,2025-12-14,PHO,LAL,0,home,1.5,232,,
GSW-POR-2025-12-14,2025-12-14,POR,GSW,0,away,5,237,,
DET-BOS-2025-12-15,2025-12-15,BOS,DET,0,home,1.5,231.5,,
TOR-MIA-2025-12-15,2025-12-15,MIA,TOR,0,home,4.5,233.5,,
DAL-UTA-2025-12-15,2025-12-15,UTA,DAL,0,away,1,241,,
HOU-DEN-2025-12-15,2025-12-15,DEN,HOU,0,away,1,237.5,,
MEM-LAC-2025-12-15,2025-12-15,LAC,MEM,0,home,5.5,229.5,,
SAS-NYK-2025-12-16,2025-12-16,NYK,SAS,0,home,2.5,233.5,,
CLE-CHI-2025-12-17,2025-12-17,CHI,CLE,0,away,5.5,242.5,,
MEM-MIN-2025-12-17,2025-12-17,MIN,MEM,0,home,6.5,227,,
ATL-CHO-2025-12-18,2025-12-18,CHO,ATL,0,away,4.5,240.5,,
NYK-IND-2025-12-18,2025-12-18,IND,NYK,0,away,2.5,225.5,,
MIA-BRK-2025-12-18,2025-12-18,BRK,MIA,0,away,11.5,236.5,,
LAC-OKC-2025-12-18,2025-12-18,OKC,LAC,0,home,17,223.5,,
WAS-SAS-2025-12-18,2025-12-18,SAS,WAS,0,home,15.5,241,,
TOR-MIL-2025-12-18,2025-12-18,MIL,TOR,0,away,4.5,218.5,,
HOU-NOP-2025-12-18,2025-12-18,NOP,HOU,0,away,9.5,236,,
DET-DAL-2025-12-18,2025-12-18,DAL,DET,0,away,3.5,231.5,,
ORL-DEN-2025-12-18,2025-12-18,DEN,ORL,0,home,5.5,239.5,,
GSW-PHO-2025-12-18,2025-12-18,PHO,GSW,0,away,2.5,229.5,,
LAL-UTA-2025-12-18,2025-12-18,UTA,LAL,0,away,7.5,248.5,,
SAC-POR-2025-12-18,2025-12-18,POR,SAC,0,home,8.5,239,,
MIA-BOS-2025-12-19,2025-12-19,BOS,MIA,0,home,9.5,236.5,,
PHI-NYK-2025-12-19,2025-12-19,NYK,PHI,0,home,4.5,230,,
SAS-ATL-2025-12-19,2025-12-19,ATL,SAS,0,away,6.5,236.5,,
CHI-CLE-2025-12-19,2025-12-19,CLE,CHI,0,home,8.5,239.5,,
OKC-MIN-2025-12-19,2025-12-19,MIN,OKC,0,away,6,233,,
HOU-DEN-2025-12-20,2025-12-20,DEN,HOU,0,away,2.5,235.5,,
DAL-PHI-2025-12-20,2025-12-20,PHI,DAL,0,away,3.5,228.5,,
BOS-TOR-2025-12-20,2025-12-20,TOR,BOS,0,home,3.5,215.5,,
IND-NOP-2025-12-20,2025-12-20,NOP,IND,0,home,6.5,239.5,,
CHO-DET-2025-12-20,2025-12-20,DET,CHO,0,home,8.5,238.5,,
WAS-MEM-2025-12-20,2025-12-20,MEM,WAS,0,home,12.5,233,,
PHO-GSW-2025-12-20,2025-12-20,GSW,PHO,0,home,4.5,233.5,,
ORL-UTA-2025-12-20,2025-12-20,UTA,ORL,0,away,9.5,240,,
POR-SAC-2025-12-20,2025-12-20,SAC,POR,0,away,9.5,231.5,,
LAL-LAC-2025-12-20,2025-12-20,LAC,LAL,0,home,3.5,228.5,,
CHI-ATL-2025-12-21,2025-12-21,ATL,CHI,0,away,1.5,257.5,,
TOR-BRK-2025-12-21,2025-12-21,BRK,TOR,0,away,3.5,216.5,,
MIA-NYK-2025-12-21,2025-12-21,NYK,MIA,0,home,6.5,235.5,,
SAS-WAS-2025-12-21,2025-12-21,WAS,SAS,0,away,12.5,236.5,,
MIL-MIN-2025-12-21,2025-12-21,MIN,MIL,0,home,8.5,222.5,,
HOU-SAC-2025-12-21,2025-12-21,SAC,HOU,0,away,10.5,229.5,,
CHO-CLE-2025-12-22,2025-12-22,CLE,CHO,0,home,10.5,252.5,,
IND-BOS-2025-12-22,2025-12-22,BOS,IND,0,home,8.5,231.5,,
DAL-NOP-2025-12-22,2025-12-22,NOP,DAL,0,away,1,241,,
UTA-DEN-2025-12-22,2025-12-22,DEN,UTA,0,home,23.5,251.5,,
MEM-OKC-2025-12-22,2025-12-22,OKC,MEM,0,home,15.5,234,,
ORL-GSW-2025-12-22,2025-12-22,GSW,ORL,0,home,4.5,228.5,,
DET-POR-2025-12-22,2025-12-22,POR,DET,0,away,7.5,233.5,,
WAS-CHO-2025-12-23,2025-12-23,CHO,WAS,0,home,7.5,231.5,,
BRK-PHI-2025-12-23,2025-12-23,PHI,BRK,0,home,9.5,215.5,,
CHI-ATL-2025-12-23,2025-12-23,ATL,CHI,0,home,3.5,254.5,,
NOP-CLE-2025-12-23,2025-12-23,CLE,NOP,0,home,9.5,248.5,,
MIL-IND-2025-12-23,2025-12-23,IND,MIL,0,away,1.5,217,,
TOR-MIA-2025-12-23,2025-12-23,MIA,TOR,0,home,5.5,227.5,,
DEN-DAL-2025-12-23,2025-12-23,DAL,DEN,0,home,1.5,234.5,,
NYK-MIN-2025-12-23,2025-12-23,MIN,NYK,0,home,7.5,235.5,,
OKC-SAS-2025-12-23,2025-12-23,SAS,OKC,0,away,6.5,236.5,,
LAL-PHO-2025-12-23,2025-12-23,PHO,LAL,0,home,3.5,226.5,,
MEM-UTA-2025-12-23,2025-12-23,UTA,MEM,0,away,6.5,242.5,,
ORL-POR-2025-12-23,2025-12-23,POR,ORL,0,away,1.5,231.5,,
DET-SAC-2025-12-23,2025-12-23,SAC,DET,0,away,9.5,227.5,,
HOU-LAC-2025-12-23,2025-12-23,LAC,HOU,0,away,7,219.5,,
CLE-NYK-2025-12-25,2025-12-25,NYK,CLE,0,away,3.5,239.5,,
SAS-OKC-2025-12-25,2025-12-25,OKC,SAS,0,home,10.5,234.5,,
DAL-GSW-2025-12-25,2025-12-25,GSW,DAL,0,home,9.5,231.5,,
HOU-LAL-2025-12-25,2025-12-25,LAL,HOU,0,away,6.5,232.5,,
MIN-DEN-2025-12-25,2025-12-25,DEN,MIN,0,away,1.5,232.5,,
MIA-ATL-2025-12-26,2025-12-26,ATL,MIA,0,home,1.5,253.5,,
CHO-ORL-2025-12-26,2025-12-26,ORL,CHO,0,home,3.5,236.5,,
TOR-WAS-2025-12-26,2025-12-26,WAS,TOR,0,away,8,226,,
BOS-IND-2025-12-26,2025-12-26,IND,BOS,0,away,4.5,229.5,,
PHI-CHI-2025-12-26,2025-12-26,CHI,PHI,0,away,5.5,240.5,,
PHO-NOP-2025-12-26,2025-12-26,NOP,PHO,0,away,5.5,241,,
MIL-MEM-2025-12-26,2025-12-26,MEM,MIL,0,home,3.5,228.5,,
DET-UTA-2025-12-26,2025-12-26,UTA,DET,0,away,8.5,248.5,,
LAC-POR-2025-12-26,2025-12-26,POR,LAC,0,home,3.5,224.5,,
DAL-SAC-2025-12-27,2025-12-27,SAC,DAL,0,away,1.5,233.5,,
DEN-ORL-2025-12-27,2025-12-27,ORL,DEN,0,away,3.5,237.5,,
PHO-NOP-2025-12-27,2025-12-27,NOP,PHO,0,away,4.5,237.5,,
BRK-MIN-2025-12-27,2025-12-27,MIN,BRK,0,home,12,224,,
NYK-ATL-2025-12-27,2025-12-27,ATL,NYK,0,away,5.5,244.5,,
IND-MIA-2025-12-27,2025-12-27,MIA,IND,0,home,6.5,234,,
MIL-CHI-2025-12-27,2025-12-27,CHI,MIL,0,home,3.5,229.5,,
CLE-HOU-2025-12-27,2025-12-27,HOU,CLE,0,home,2,232,,
UTA-SAS-2025-12-27,2025-12-27,SAS,UTA,0,home,14,245,,
GSW-TOR-2025-12-28,2025-12-28,TOR,GSW,0,away,4.5,230.5,,
PHI-OKC-2025-12-28,2025-12-28,OKC,PHI,0,home,15,226.5,,
MEM-WAS-2025-12-28,2025-12-28,WAS,MEM,0,away,8,241.5,,
BOS-POR-2025-12-28,2025-12-28,POR,BOS,0,away,6.5,231.5,,
DET-LAC-2025-12-28,2025-12-28,LAC,DET,0,home,1.5,228.5,,
SAC-LAL-2025-12-28,2025-12-28,LAL,SAC,0,home,12.5,231.5,,
MIL-CHO-2025-12-29,2025-12-29,CHO,MIL,0,away,4.5,227.5,,
PHO-WAS-2025-12-29,2025-12-29,WAS,PHO,0,away,10.5,230.5,,
GSW-BRK-2025-12-29,2025-12-29,BRK,GSW,0,away,2.5,231.5,,
DEN-MIA-2025-12-29,2025-12-29,MIA,DEN,0,home,1.5,246.5,,
ORL-TOR-2025-12-29,2025-12-29,TOR,ORL,0,away,6.5,217.5,,
CLE-SAS-2025-12-29,2025-12-29,SAS,CLE,0,away,1.5,240.5,,
ATL-OKC-2025-12-29,2025-12-29,OKC,ATL,0,home,16.5,235.5,,
NYK-NOP-2025-12-29,2025-12-29,NOP,NYK,0,away,8.5,252.5,,
IND-HOU-2025-12-29,2025-12-29,HOU,IND,0,home,17.5,221.5,,
MIN-CHI-2025-12-29,2025-12-29,CHI,MIN,0,away,6.5,230.5,,
DAL-POR-2025-12-29,2025-12-29,POR,DAL,0,home,2.5,232.5,,
PHI-MEM-2025-12-30,2025-12-30,MEM,PHI,0,home,3.5,237.5,,
BOS-UTA-2025-12-30,2025-12-30,UTA,BOS,0,away,4.5,246.5,,
DET-LAL-2025-12-30,2025-12-30,LAL,DET,0,away,2.5,235.5,,
SAC-LAC-2025-12-30,2025-12-30,LAC,SAC,0,home,10.5,216.5,,
GSW-CHO-2025-12-31,2025-12-31,CHO,GSW,0,away,7.5,239.5,,
ORL-IND-2025-12-31,2025-12-31,IND,ORL,0,away,7.5,229.5,,
MIN-ATL-2025-12-31,2025-12-31,ATL,MIN,0,away,2.5,246.5,,
PHO-CLE-2025-12-31,2025-12-31,CLE,PHO,0,home,10.5,237.5,,
NYK-SAS-2025-12-31,2025-12-31,SAS,NYK,0,home,1.5,239.5,,
NOP-CHI-2025-12-31,2025-12-31,CHI,NOP,0,home,5.5,251.5,,
DEN-TOR-2025-12-31,2025-12-31,TOR,DEN,0,home,7,229.5,,
WAS-MIL-2025-12-31,2025-12-31,MIL,WAS,0,home,15.5,235.5,,
POR-OKC-2025-12-31,2025-12-31,OKC,POR,0,home,17.5,230.5,,
HOU-BRK-2026-01-01,2026-01-01,BRK,HOU,0,away,18.5,220.5,,
MIA-DET-2026-01-01,2026-01-01,DET,MIA,0,home,3.5,239.5,,
PHI-DAL-2026-01-01,2026-01-01,DAL,PHI,0,away,1.5,234.5,,
BOS-SAC-2026-01-01,2026-01-01,SAC,BOS,0,away,7.5,232.5,,
UTA-LAC-2026-01-01,2026-01-01,LAC,UTA,0,home,20.5,227.5,,
SAS-IND-2026-01-02,2026-01-02,IND,SAS,0,away,1.5,243.5,,
BRK-WAS-2026-01-02,2026-01-02,WAS,BRK,0,home,4.5,230.5,,
DEN-CLE-2026-01-02,2026-01-02,CLE,DEN,0,home,11.5,238.5,,
ATL-NYK-2026-01-02,2026-01-02,NYK,ATL,0,home,6.5,246.5,,
ORL-CHI-2026-01-02,2026-01-02,CHI,ORL,0,away,9.5,227.5,,
CHO-MIL-2026-01-02,2026-01-02,MIL,CHO,0,home,5.5,238.5,,
POR-NOP-2026-01-02,2026-01-02,NOP,POR,0,away,3.5,250.5,,
SAC-PHO-2026-01-02,2026-01-02,PHO,SAC,0,home,14.5,224.5,,
OKC-GSW-2026-01-02,2026-01-02,GSW,OKC,0,away,15.5,223.5,,
MEM-LAL-2026-01-02,2026-01-02,LAL,MEM,0,home,8.5,241.5,,
MIN-MIA-2026-01-03,2026-01-03,MIA,MIN,0,away,6.5,232.5,,
PHI-NYK-2026-01-03,2026-01-03,NYK,PHI,0,home,4.5,228.5,,
ATL-TOR-2026-01-03,2026-01-03,TOR,ATL,0,home,3.5,231.5,,
CHO-CHI-2026-01-03,2026-01-03,CHI,CHO,0,home,2.5,242.5,,
POR-SAS-2026-01-03,2026-01-03,SAS,POR,0,home,4.5,236.5,,
HOU-DAL-2026-01-03,2026-01-03,DAL,HOU,0,away,8.5,227.5,,
UTA-GSW-2026-01-03,2026-01-03,GSW,UTA,0,home,9.5,249.5,,
BOS-LAC-2026-01-03,2026-01-03,LAC,BOS,0,home,1.5,220,,
DET-CLE-2026-01-04,2026-01-04,CLE,DET,0,home,3.5,239.5,,
IND-ORL-2026-01-04,2026-01-04,ORL,IND,0,home,6,231.5,,
DEN-BRK-2026-01-04,2026-01-04,BRK,DEN,0,home,1.5,224.5,,
NOP-MIA-2026-01-04,2026-01-04,MIA,NOP,0,home,7.5,258.5,,
MIN-WAS-2026-01-04,2026-01-04,WAS,MIN,0,away,12.5,245.5,,
OKC-PHO-2026-01-04,2026-01-04,PHO,OKC,0,away,12.5,228.5,,
MIL-SAC-2026-01-04,2026-01-04,SAC,MIL,0,away,5.5,221.5,,
MEM-LAL-2026-01-04,2026-01-04,LAL,MEM,0,home,3.5,241.5,,
NYK-DET-2026-01-05,2026-01-05,DET,NYK,0,away,1,233,,
CHI-BOS-2026-01-05,2026-01-05,BOS,CHI,0,home,10.5,236.5,,
ATL-TOR-2026-01-05,2026-01-05,TOR,ATL,0,home,2.5,237.5,,
PHO-HOU-2026-01-05,2026-01-05,HOU,PHO,0,home,8.5,222.5,,
CHO-OKC-2026-01-05,2026-01-05,OKC,CHO,0,home,15.5,235.5,,
DEN-PHI-2026-01-05,2026-01-05,PHI,DEN,0,home,14.5,228.5,,
GSW-LAC-2026-01-05,2026-01-05,LAC,GSW,0,away,3.5,222,,
UTA-POR-2026-01-05,2026-01-05,POR,UTA,0,home,6,242.5,,
CLE-IND-2026-01-06,2026-01-06,IND,CLE,0,away,6.5,237,,
ORL-WAS-2026-01-06,2026-01-06,WAS,ORL,0,away,7.5,235.5,,
SAS-MEM-2026-01-06,2026-01-06,MEM,SAS,0,away,6,238,,
MIA-MIN-2026-01-06,2026-01-06,MIN,MIA,0,home,5.5,238.5,,
LAL-NOP-2026-01-06,2026-01-06,NOP,LAL,0,away,5.5,245.5,,
DAL-SAC-2026-01-06,2026-01-06,SAC,DAL,0,away,5,233.5,,
TOR-CHO-2026-01-07,2026-01-07,CHO,TOR,0,away,2,229.5,,
CHI-DET-2026-01-07,2026-01-07,DET,CHI,0,home,7.5,227.5,,
WAS-PHI-2026-01-07,2026-01-07,PHI,WAS,0,home,16.5,234.5,,
DEN-BOS-2026-01-07,2026-01-07,BOS,DEN,0,home,10,230.5,,
NOP-ATL-2026-01-07,2026-01-07,ATL,NOP,0,home,10.5,246.5,,
ORL-BRK-2026-01-07,2026-01-07,BRK,ORL,0,away,2.5,221,,
LAC-NYK-2026-01-07,2026-01-07,NYK,LAC,0,home,5,223,,
PHO-MEM-2026-01-07,2026-01-07,MEM,PHO,0,away,5.5,231.5,,
UTA-OKC-2026-01-07,2026-01-07,OKC,UTA,0,home,19,242.5,,
LAL-SAS-2026-01-07,2026-01-07,SAS,LAL,0,home,8.5,233.5,,
MIL-GSW-2026-01-07,2026-01-07,GSW,MIL,0,home,6.5,229.5,,
HOU-POR-2026-01-07,2026-01-07,POR,HOU,0,away,7.5,221.5,,
IND-CHO-2026-01-08,2026-01-08,CHO,IND,0,home,4.5,232,,
CLE-MIN-2026-01-08,2026-01-08,MIN,CLE,0,home,3,239.5,,
DAL-UTA-2026-01-08,2026-01-08,UTA,DAL,0,away,5,243.5,,
TOR-BOS-2026-01-09,2026-01-09,BOS,TOR,0,home,9.5,224,,
PHI-ORL-2026-01-09,2026-01-09,ORL,PHI,0,away,3,227,,
NOP-WAS-2026-01-09,2026-01-09,WAS,NOP,0,away,3,243.5,,
LAC-BRK-2026-01-09,2026-01-09,BRK,LAC,0,away,5.5,215,,
OKC-MEM-2026-01-09,2026-01-09,MEM,OKC,0,away,5.5,229.5,,
ATL-DEN-2026-01-09,2026-01-09,DEN,ATL,0,away,3,229.5,,
NYK-PHO-2026-01-09,2026-01-09,PHO,NYK,0,away,1.5,229,,
SAC-GSW-2026-01-09,2026-01-09,GSW,SAC,0,home,14.5,231.5,,
HOU-POR-2026-01-09,2026-01-09,POR,HOU,0,away,7,222,,
MIL-LAL-2026-01-09,2026-01-09,LAL,MIL,0,home,3.5,228.5,,
MIN-CLE-2026-01-10,2026-01-10,CLE,MIN,0,home,2.5,240.5,,
MIA-IND-2026-01-10,2026-01-10,IND,MIA,0,away,6.5,237,,
LAC-DET-2026-01-10,2026-01-10,DET,LAC,0,home,1.5,214.5,,
SAS-BOS-2026-01-10,2026-01-10,BOS,SAS,0,away,1,231,,
DAL-CHI-2026-01-10,2026-01-10,CHI,DAL,0,home,4.5,233.5,,
CHO-UTA-2026-01-10,2026-01-10,UTA,CHO,0,away,6,241,,
NOP-ORL-2026-01-11,2026-01-11,ORL,NOP,0,home,7.5,236.5,,
BRK-MEM-2026-01-11,2026-01-11,MEM,BRK,0,home,7.5,221,,
PHI-TOR-2026-01-11,2026-01-11,TOR,PHI,0,away,1,220,,
NYK-POR-2026-01-11,2026-01-11,POR,NYK,0,away,5.5,229.5,,
SAS-MIN-2026-01-11,2026-01-11,MIN,SAS,0,home,2.5,232.5,,
MIA-OKC-2026-01-11,2026-01-11,OKC,MIA,0,home,15,234,,
MIL-DEN-2026-01-11,2026-01-11,DEN,MIL,0,away,6,218.5,,
WAS-PHO-2026-01-11,2026-01-11,PHO,WAS,0,home,15.5,230,,
ATL-GSW-2026-01-11,2026-01-11,GSW,ATL,0,home,7.5,237,,
HOU-SAC-2026-01-11,2026-01-11,SAC,HOU,0,away,14,223,,
UTA-CLE-2026-01-12,2026-01-12,CLE,UTA,0,home,13,249.5,,
BOS-IND-2026-01-12,2026-01-12,IND,BOS,0,away,5,227.5,,
PHI-TOR-2026-01-12,2026-01-12,TOR,PHI,0,away,3.5,221,,
BRK-DAL-2026-01-12,2026-01-12,DAL,BRK,0,home,3.5,219.5,,
LAL-SAC-2026-01-12,2026-01-12,SAC,LAL,0,away,9.5,231,,
CHO-LAC-2026-01-12,2026-01-12,LAC,CHO,0,home,5,222.5,,
PHO-MIA-2026-01-13,2026-01-13,MIA,PHO,0,home,1.5,233,,
CHI-HOU-2026-01-13,2026-01-13,HOU,CHI,0,home,12.5,224.5,,
MIN-MIL-2026-01-13,2026-01-13,MIL,MIN,0,home,2.5,229.5,,
DEN-NOP-2026-01-13,2026-01-13,NOP,DEN,0,away,2.5,235.5,,
SAS-OKC-2026-01-13,2026-01-13,OKC,SAS,0,home,8.5,230.5,,
ATL-LAL-2026-01-13,2026-01-13,LAL,ATL,0,home,2.5,234.5,,
POR-GSW-2026-01-13,2026-01-13,GSW,POR,0,home,11.5,225.5,,
TOR-IND-2026-01-14,2026-01-14,IND,TOR,0,home,1,220.5,,
CLE-PHI-2026-01-14,2026-01-14,PHI,CLE,0,away,1.5,235.5,,
UTA-CHI-2026-01-14,2026-01-14,CHI,UTA,0,home,5.5,241,,
BRK-NOP-2026-01-14,2026-01-14,NOP,BRK,0,away,1,232.5,,
DEN-DAL-2026-01-14,2026-01-14,DAL,DEN,0,home,1,224.5,,
NYK-SAC-2026-01-14,2026-01-14,SAC,NYK,0,away,10.5,229.5,,
WAS-LAC-2026-01-14,2026-01-14,LAC,WAS,0,home,11.5,227.5,,
MEM-ORL-2026-01-15,2026-01-15,ORL,MEM,0,home,5.5,227.5,,
PHO-DET-2026-01-15,2026-01-15,DET,PHO,0,home,7.5,219,,
BOS-MIA-2026-01-15,2026-01-15,MIA,BOS,0,away,2.5,235.5,,
OKC-HOU-2026-01-15,2026-01-15,HOU,OKC,0,away,4,222,,
MIL-SAS-2026-01-15,2026-01-15,SAS,MIL,0,home,7,225.5,,
UTA-DAL-2026-01-15,2026-01-15,DAL,UTA,0,home,2.5,237,,
NYK-GSW-2026-01-15,2026-01-15,GSW,NYK,0,home,7.5,228.5,,
ATL-POR-2026-01-15,2026-01-15,POR,ATL,0,away,4,228.5,,
CHO-LAL-2026-01-15,2026-01-15,LAL,CHO,0,home,3.5,234.5,,
NOP-IND-2026-01-16,2026-01-16,IND,NOP,0,home,4.5,241.5,,
CLE-PHI-2026-01-16,2026-01-16,PHI,CLE,0,home,2.5,233.5,,
CHI-BRK-2026-01-16,2026-01-16,BRK,CHI,0,home,1.5,224.5,,
LAC-TOR-2026-01-16,2026-01-16,TOR,LAC,0,home,2.5,213,,
MIN-HOU-2026-01-16,2026-01-16,HOU,MIN,0,home,4,221.5,,
WAS-SAC-2026-01-16,2026-01-16,SAC,WAS,0,home,7.5,235.5,,
UTA-DAL-2026-01-17,2026-01-17,DAL,UTA,0,home,3,240.5,,
BOS-ATL-2026-01-17,2026-01-17,ATL,BOS,0,away,3.5,230.5,,
IND-DET-2026-01-17,2026-01-17,DET,IND,0,home,15.5,225.5,,
PHO-NYK-2026-01-17,2026-01-17,NYK,PHO,0,home,1,224.5,,
OKC-MIA-2026-01-17,2026-01-17,MIA,OKC,0,away,10.5,234.5,,
MIN-SAS-2026-01-17,2026-01-17,SAS,MIN,0,home,4.5,234,,
CHO-GSW-2026-01-17,2026-01-17,GSW,CHO,0,home,7.5,236.5,,
WAS-DEN-2026-01-17,2026-01-17,DEN,WAS,0,home,10.5,227.5,,
LAL-POR-2026-01-17,2026-01-17,POR,LAL,0,home,3.5,223.5,,
ORL-MEM-2026-01-18,2026-01-18,MEM,ORL,0,away,3,229.5,,
BRK-CHI-2026-01-18,2026-01-18,CHI,BRK,0,home,7.5,223.5,,
NOP-HOU-2026-01-18,2026-01-18,HOU,NOP,0,home,13.5,232.5,,
CHO-DEN-2026-01-18,2026-01-18,DEN,CHO,0,away,2.5,226.5,,
POR-SAC-2026-01-18,2026-01-18,SAC,POR,0,away,1,230,,
TOR-LAL-2026-01-18,2026-01-18,LAL,TOR,0,home,2.5,227,,
MIL-ATL-2026-01-19,2026-01-19,ATL,MIL,0,home,1.5,232.5,,
OKC-CLE-2026-01-19,2026-01-19,CLE,OKC,0,away,6,230,,
LAC-WAS-2026-01-19,2026-01-19,WAS,LAC,0,away,6.5,226.5,,
DAL-NYK-2026-01-19,2026-01-19,NYK,DAL,0,home,12.5,232,,
UTA-SAS-2026-01-19,2026-01-19,SAS,UTA,0,home,16.5,238.5,,
IND-PHI-2026-01-19,2026-01-19,PHI,IND,0,home,7,229,,
PHO-BRK-2026-01-19,2026-01-19,BRK,PHO,0,away,9,215,,
BOS-DET-2026-01-19,2026-01-19,DET,BOS,0,home,2.5,223.5,,
MIA-GSW-2026-01-19,2026-01-19,GSW,MIA,0,home,5.5,239.5,,
PHO-PHI-2026-01-20,2026-01-20,PHI,PHO,0,away,2.5,222.5,,
LAC-CHI-2026-01-20,2026-01-20,CHI,LAC,0,home,2.5,225,,
SAS-HOU-2026-01-20,2026-01-20,HOU,SAS,0,home,4.5,220.5,,
MIN-UTA-2026-01-20,2026-01-20,UTA,MIN,0,away,12.5,238.5,,
LAL-DEN-2026-01-20,2026-01-20,DEN,LAL,0,away,3.5,228,,
TOR-GSW-2026-01-20,2026-01-20,GSW,TOR,0,home,4.5,225.5,,
MIA-SAC-2026-01-20,2026-01-20,SAC,MIA,0,away,4,238.5,,
CLE-CHO-2026-01-21,2026-01-21,CHO,CLE,0,away,3,238.5,,
IND-BOS-2026-01-21,2026-01-21,BOS,IND,0,home,10.5,225.5,,
BRK-NYK-2026-01-21,2026-01-21,NYK,BRK,0,home,12.5,220,,
ATL-MEM-2026-01-21,2026-01-21,MEM,ATL,0,home,1.5,240,,
DET-NOP-2026-01-21,2026-01-21,NOP,DET,0,away,7,233,,
OKC-MIL-2026-01-21,2026-01-21,MIL,OKC,0,away,12,224,,
TOR-SAC-2026-01-21,2026-01-21,SAC,TOR,0,away,5.5,226.5,,
CHO-ORL-2026-01-22,2026-01-22,ORL,CHO,0,home,4,225,,
HOU-PHI-2026-01-22,2026-01-22,PHI,HOU,0,away,2,221.5,,
DEN-WAS-2026-01-22,2026-01-22,WAS,DEN,0,away,6,227.5,,
GSW-DAL-2026-01-22,2026-01-22,DAL,GSW,0,away,6.5,235,,
CHI-MIN-2026-01-22,2026-01-22,MIN,CHI,0,home,9.5,239.5,,
SAS-UTA-2026-01-22,2026-01-22,UTA,SAS,0,away,12.5,239,,
LAL-LAC-2026-01-22,2026-01-22,LAC,LAL,0,home,2.5,224.5,,
MIA-POR-2026-01-22,2026-01-22,POR,MIA,0,home,3.5,235,,
HOU-DET-2026-01-23,2026-01-23,DET,HOU,0,home,4.5,216.5,,
PHO-ATL-2026-01-23,2026-01-23,ATL,PHO,0,away,3,233.5,,
BOS-BRK-2026-01-23,2026-01-23,BRK,BOS,0,away,8,215.5,,
SAC-CLE-2026-01-23,2026-01-23,CLE,SAC,0,home,13,233.5,,
NOP-MEM-2026-01-23,2026-01-23,MEM,NOP,0,home,5,240,,
IND-OKC-2026-01-23,2026-01-23,OKC,IND,0,home,15.5,226.5,,
DEN-MIL-2026-01-23,2026-01-23,MIL,DEN,0,home,9,213.5,,
TOR-POR-2026-01-23,2026-01-23,POR,TOR,0,away,3.5,225.5,,
WAS-CHO-2026-01-24,2026-01-24,CHO,WAS,0,home,11.5,232,,
NYK-PHI-2026-01-24,2026-01-24,PHI,NYK,0,away,1,228,,
CLE-ORL-2026-01-24,2026-01-24,ORL,CLE,0,home,1.5,226.5,,
BOS-CHI-2026-01-24,2026-01-24,CHI,BOS,0,away,3,232.5,,
LAL-DAL-2026-01-24,2026-01-24,DAL,LAL,0,away,4,234,,
MIA-UTA-2026-01-24,2026-01-24,UTA,MIA,0,away,6.5,245,,
SAC-DET-2026-01-25,2026-01-25,DET,SAC,0,home,12.5,226.5,,
GSW-MIN-2026-01-25,2026-01-25,MIN,GSW,0,home,5.5,237.5,,
TOR-OKC-2026-01-25,2026-01-25,OKC,TOR,0,home,11,225.5,,
NOP-SAS-2026-01-25,2026-01-25,SAS,NOP,0,home,11.5,240,,
MIA-PHO-2026-01-25,2026-01-25,PHO,MIA,0,home,4.5,226,,
BRK-LAC-2026-01-25,2026-01-25,LAC,BRK,0,home,10.5,211,,
IND-ATL-2026-01-26,2026-01-26,ATL,IND,0,home,5.5,234.5,,
PHI-CHO-2026-01-26,2026-01-26,CHO,PHI,0,home,2,228.5,,
ORL-CLE-2026-01-26,2026-01-26,CLE,ORL,0,home,5,223.5,,
POR-BOS-2026-01-26,2026-01-26,BOS,POR,0,home,8.5,223,,
LAL-CHI-2026-01-26,2026-01-26,CHI,LAL,0,away,1.5,235.5,,
MEM-HOU-2026-01-26,2026-01-26,HOU,MEM,0,home,11,225.5,,
GSW-MIN-2026-01-26,2026-01-26,MIN,GSW,0,home,8,225.5,,
POR-WAS-2026-01-27,2026-01-27,WAS,POR,0,away,6.5,233,,
SAC-NYK-2026-01-27,2026-01-27,NYK,SAC,0,home,14.5,225.5,,
MIL-PHI-2026-01-27,2026-01-27,PHI,MIL,0,home,10,219.5,,
NOP-OKC-2026-01-27,2026-01-27,OKC,NOP,0,home,14.5,233.5,,
DET-DEN-2026-01-27,2026-01-27,DEN,DET,0,away,7,216,,
BRK-PHO-2026-01-27,2026-01-27,PHO,BRK,0,home,8.5,210.5,,
LAC-UTA-2026-01-27,2026-01-27,UTA,LAC,0,away,8.5,234.5,,
LAL-CLE-2026-01-28,2026-01-28,CLE,LAL,0,home,3.5,234.5,,
CHI-IND-2026-01-28,2026-01-28,IND,CHI,0,away,1.5,235.5,,
ATL-BOS-2026-01-28,2026-01-28,BOS,ATL,0,home,5.5,232.5,,
ORL-MIA-2026-01-28,2026-01-28,MIA,ORL,0,home,3.5,232.5,,
NYK-TOR-2026-01-28,2026-01-28,TOR,NYK,0,home,2,221.5,,
CHO-MEM-2026-01-28,2026-01-28,MEM,CHO,0,away,2.5,230.5,,
MIN-DAL-2026-01-28,2026-01-28,DAL,MIN,0,away,8.5,229.5,,
GSW-UTA-2026-01-28,2026-01-28,UTA,GSW,0,away,8.5,242,,
SAS-HOU-2026-01-28,2026-01-28,HOU,SAS,0,home,2.5,220.5,,
SAC-PHI-2026-01-29,2026-01-29,PHI,SAC,0,home,10,229.5,,
MIL-WAS-2026-01-29,2026-01-29,WAS,MIL,0,away,2,223,,
HOU-ATL-2026-01-29,2026-01-29,ATL,HOU,0,away,6.5,224.5,,
MIA-CHI-2026-01-29,2026-01-29,CHI,MIA,0,away,2.5,238.5,,
CHO-DAL-2026-01-29,2026-01-29,DAL,CHO,0,away,3.5,226.5,,
BRK-DEN-2026-01-29,2026-01-29,DEN,BRK,0,home,6,209.5,,
DET-PHO-2026-01-29,2026-01-29,PHO,DET,0,away,3.5,214.5,,
OKC-MIN-2026-01-29,2026-01-29,MIN,OKC,0,away,5.5,227.5,,
LAL-WAS-2026-01-30,2026-01-30,WAS,LAL,0,away,10.5,230,,
TOR-ORL-2026-01-30,2026-01-30,ORL,TOR,0,home,2.5,222,,
SAC-BOS-2026-01-30,2026-01-30,BOS,SAC,0,home,11.5,216.5,,
POR-NYK-2026-01-30,2026-01-30,NYK,POR,0,home,6.5,224,,
MEM-NOP-2026-01-30,2026-01-30,NOP,MEM,0,home,3.5,231.5,,
CLE-PHO-2026-01-30,2026-01-30,PHO,CLE,0,away,2,222,,
LAC-DEN-2026-01-30,2026-01-30,DEN,LAC,0,away,2.5,219,,
BRK-UTA-2026-01-30,2026-01-30,UTA,BRK,0,home,4,226,,
DET-GSW-2026-01-30,2026-01-30,GSW,DET,0,home,2.5,225.5,,
SAS-CHO-2026-01-31,2026-01-31,CHO,SAS,0,home,2.5,221.5,,
ATL-IND-2026-01-31,2026-01-31,IND,ATL,0,away,1.5,235,,
NOP-PHI-2026-01-31,2026-01-31,PHI,NOP,0,home,6.5,234.5,,
CHI-MIA-2026-01-31,2026-01-31,MIA,CHI,0,home,5.5,231.5,,
MIN-MEM-2026-01-31,2026-01-31,MEM,MIN,0,away,11,229.5,,
DAL-HOU-2026-01-31,2026-01-31,HOU,DAL,0,home,10.5,223,,
MIL-BOS-2026-02-01,2026-02-01,BOS,MIL,0,home,13,217.5,,
BRK-DET-2026-02-01,2026-02-01,DET,BRK,0,home,13.5,214,,
CHI-MIA-2026-02-01,2026-02-01,MIA,CHI,0,home,5.5,233.5,,
UTA-TOR-2026-02-01,2026-02-01,TOR,UTA,0,home,10.5,234.5,,
SAC-WAS-2026-02-01,2026-02-01,WAS,SAC,0,away,1.5,227.5,,
LAL-NYK-2026-02-01,2026-02-01,NYK,LAL,0,home,6,228,,
LAC-PHO-2026-02-01,2026-02-01,PHO,LAC,0,home,2.5,209.5,,
ORL-SAS-2026-02-01,2026-02-01,SAS,ORL,0,home,1.5,222.5,,
CLE-POR-2026-02-01,2026-02-01,POR,CLE,0,away,4,227.5,,
OKC-DEN-2026-02-01,2026-02-01,DEN,OKC,0,away,7,225.5,,
NOP-CHO-2026-02-02,2026-02-02,CHO,NOP,0,home,6.5,230.5,,
HOU-IND-2026-02-02,2026-02-02,IND,HOU,0,away,6.5,218.5,,
MIN-MEM-2026-02-02,2026-02-02,MEM,MIN,0,away,7.5,231.5,,
PHI-LAC-2026-02-02,2026-02-02,LAC,PHI,0,away,1,220,,
DEN-DET-2026-02-03,2026-02-03,DET,DEN,0,home,5,229.5,,
UTA-IND-2026-02-03,2026-02-03,IND,UTA,0,away,3,232.5,,
NYK-WAS-2026-02-03,2026-02-03,WAS,NYK,0,away,13,227.5,,
LAL-BRK-2026-02-03,2026-02-03,BRK,LAL,0,away,8,223,,
ATL-MIA-2026-02-03,2026-02-03,MIA,ATL,0,home,1,236.5,,
BOS-DAL-2026-02-03,2026-02-03,DAL,BOS,0,away,6.5,223,,
CHI-MIL-2026-02-03,2026-02-03,MIL,CHI,0,away,1.5,222,,
ORL-OKC-2026-02-03,2026-02-03,OKC,ORL,0,home,11.5,222.5,,
PHI-GSW-2026-02-03,2026-02-03,GSW,PHI,0,home,4.5,222.5,,
PHO-POR-2026-02-03,2026-02-03,POR,PHO,0,away,3,219,,
DEN-NYK-2026-02-04,2026-02-04,NYK,DEN,0,home,4.5,228,,
MIN-TOR-2026-02-04,2026-02-04,TOR,MIN,0,away,2.5,228.5,,
BOS-HOU-2026-02-04,2026-02-04,HOU,BOS,0,home,8.5,211,,
NOP-MIL-2026-02-04,2026-02-04,MIL,NOP,0,away,4.5,223.5,,
OKC-SAS-2026-02-04,2026-02-04,SAS,OKC,0,home,9.5,221.5,,
MEM-SAC-2026-02-04,2026-02-04,SAC,MEM,0,home,3,236,,
CLE-LAC-2026-02-04,2026-02-04,LAC,CLE,0,away,2.5,221.5,,
WAS-DET-2026-02-05,2026-02-05,DET,WAS,0,home,17,227.5,,
BRK-ORL-2026-02-05,2026-02-05,ORL,BRK,0,home,9.5,214.5,,
UTA-ATL-2026-02-05,2026-02-05,ATL,UTA,0,home,8.5,245.5,,
CHI-TOR-2026-02-05,2026-02-05,TOR,CHI,0,home,7.5,227,,
CHO-HOU-2026-02-05,2026-02-05,HOU,CHO,0,home,4.5,218.5,,
SAS-DAL-2026-02-05,2026-02-05,DAL,SAS,0,away,8,231,,
GSW-PHO-2026-02-05,2026-02-05,PHO,GSW,0,home,5.5,213.5,,
PHI-LAL-2026-02-05,2026-02-05,LAL,PHI,0,home,2.5,236.5,,
MIA-BOS-2026-02-06,2026-02-06,BOS,MIA,0,home,5.5,227.5,,
NYK-DET-2026-02-06,2026-02-06,DET,NYK,0,home,5.5,219.5,,
IND-MIL-2026-02-06,2026-02-06,MIL,IND,0,away,1.5,223,,
NOP-MIN-2026-02-06,2026-02-06,MIN,NOP,0,home,8.5,237,,
MEM-POR-2026-02-06,2026-02-06,POR,MEM,0,home,8.5,235.5,,
LAC-SAC-2026-02-06,2026-02-06,SAC,LAC,0,away,3.5,222,,
WAS-BRK-2026-02-07,2026-02-07,BRK,WAS,0,home,8,217,,
HOU-OKC-2026-02-07,2026-02-07,OKC,HOU,0,home,3.5,213.5,,
DAL-SAS-2026-02-07,2026-02-07,SAS,DAL,0,home,11,233.5,,
UTA-ORL-2026-02-07,2026-02-07,ORL,UTA,0,home,7.5,234.5,,
CHO-ATL-2026-02-07,2026-02-07,ATL,CHO,0,away,1.5,234.5,,
DEN-CHI-2026-02-07,2026-02-07,CHI,DEN,0,away,9,235.5,,
GSW-LAL-2026-02-07,2026-02-07,LAL,GSW,0,home,2.5,220.5,,
PHI-PHO-2026-02-07,2026-02-07,PHO,PHI,0,home,2.5,225,,
MEM-POR-2026-02-07,2026-02-07,POR,MEM,0,home,9,229,,
CLE-SAC-2026-02-07,2026-02-07,SAC,CLE,0,away,13,229.5,,
NYK-BOS-2026-02-08,2026-02-08,BOS,NYK,0,home,3.5,214.5,,
MIA-WAS-2026-02-08,2026-02-08,WAS,MIA,0,away,13,236.5,,
IND-TOR-2026-02-08,2026-02-08,TOR,IND,0,home,8.5,226,,
LAC-MIN-2026-02-08,2026-02-08,MIN,LAC,0,home,8.5,222.5,,
DET-CHO-2026-02-09,2026-02-09,CHO,DET,0,away,2.5,222.5,,
CHI-BRK-2026-02-09,2026-02-09,BRK,CHI,0,away,3.5,218.5,,
UTA-MIA-2026-02-09,2026-02-09,MIA,UTA,0,home,6,235.5,,
MIL-ORL-2026-02-09,2026-02-09,ORL,MIL,0,home,9.5,220.5,,
ATL-MIN-2026-02-09,2026-02-09,MIN,ATL,0,home,8.5,239,,
SAC-NOP-2026-02-09,2026-02-09,NOP,SAC,0,home,9.5,229,,
CLE-DEN-2026-02-09,2026-02-09,DEN,CLE,0,home,2.5,242,,
MEM-GSW-2026-02-09,2026-02-09,GSW,MEM,0,home,9,219,,
OKC-LAL-2026-02-09,2026-02-09,LAL,OKC,0,away,6.5,223,,
PHI-POR-2026-02-09,2026-02-09,POR,PHI,0,home,3.5,231.5,,
IND-NYK-2026-02-10,2026-02-10,NYK,IND,0,home,11.5,227,,
LAC-HOU-2026-02-10,2026-02-10,HOU,LAC,0,home,9,213.5,,
DAL-PHO-2026-02-10,2026-02-10,PHO,DAL,0,home,8,230,,
SAS-LAL-2026-02-10,2026-02-10,LAL,SAS,0,away,13.5,226,,
ATL-CHO-2026-02-11,2026-02-11,CHO,ATL,0,home,2,235,,
WAS-CLE-2026-02-11,2026-02-11,CLE,WAS,0,home,18,239,,
MIL-ORL-2026-02-11,2026-02-11,ORL,MIL,0,home,11,219.5,,
DET-TOR-2026-02-11,2026-02-11,TOR,DET,0,home,1,223,,
NYK-PHI-2026-02-11,2026-02-11,PHI,NYK,0,away,2,224.5,,
IND-BRK-2026-02-11,2026-02-11,BRK,IND,0,home,6.5,215.5,,
CHI-BOS-2026-02-11,2026-02-11,BOS,CHI,0,home,13.5,227,,
LAC-HOU-2026-02-11,2026-02-11,HOU,LAC,0,home,8.5,212.5,,
POR-MIN-2026-02-11,2026-02-11,MIN,POR,0,home,7.5,238,,
MIA-NOP-2026-02-11,2026-02-11,NOP,MIA,0,home,1.5,233,,
OKC-PHO-2026-02-11,2026-02-11,PHO,OKC,0,away,8,212,,
SAC-UTA-2026-02-11,2026-02-11,UTA,SAC,0,home,6,229,,
MEM-DEN-2026-02-11,2026-02-11,DEN,MEM,0,home,14,239.5,,
SAS-GSW-2026-02-11,2026-02-11,GSW,SAS,0,away,7,220.5,,
MIL-OKC-2026-02-12,2026-02-12,OKC,MIL,0,home,13,214.5,,
POR-UTA-2026-02-12,2026-02-12,UTA,POR,0,away,6,236.5,,
DAL-LAL-2026-02-12,2026-02-12,LAL,DAL,0,home,6.5,237.5,,
HOU-CHO-2026-02-19,2026-02-19,CHO,HOU,0,away,4.5,218.5,,
BRK-CLE-2026-02-19,2026-02-19,CLE,BRK,0,home,16,229.5,,
ATL-PHI-2026-02-19,2026-02-19,PHI,ATL,0,home,1.5,242,,
IND-WAS-2026-02-19,2026-02-19,WAS,IND,0,away,2,233.5,,
DET-NYK-2026-02-19,2026-02-19,NYK,DET,0,home,3.5,219.5,,
TOR-CHI-2026-02-19,2026-02-19,CHI,TOR,0,away,6,235,,
PHO-SAS-2026-02-19,2026-02-19,SAS,PHO,0,home,8,229.5,,
BOS-GSW-2026-02-19,2026-02-19,GSW,BOS,0,away,6,211,,
ORL-SAC-2026-02-19,2026-02-19,SAC,ORL,0,away,8.5,226.5,,
DEN-LAC-2026-02-19,2026-02-19,LAC,DEN,0,away,4.5,226.5,,
CLE-CHO-2026-02-20,2026-02-20,CHO,CLE,0,away,5.5,228.5,,
IND-WAS-2026-02-20,2026-02-20,WAS,IND,0,home,1.5,230,,
UTA-MEM-2026-02-20,2026-02-20,MEM,UTA,0,home,2.5,237,,
MIA-ATL-2026-02-20,2026-02-20,ATL,MIA,0,away,3,244,,
DAL-MIN-2026-02-20,2026-02-20,MIN,DAL,0,home,14,239.5,,
MIL-NOP-2026-02-20,2026-02-20,NOP,MIL,0,home,4.5,223.5,,
BRK-OKC-2026-02-20,2026-02-20,OKC,BRK,0,home,17,215,,
DEN-POR-2026-02-20,2026-02-20,POR,DEN,0,away,1.5,241.5,,
LAC-LAL-2026-02-20,2026-02-20,LAL,LAC,0,home,7,227.5,,
ORL-PHO-2026-02-21,2026-02-21,PHO,ORL,0,home,3,218,,
PHI-NOP-2026-02-21,2026-02-21,NOP,PHI,0,away,3.5,235.5,,
MEM-MIA-2026-02-21,2026-02-21,MIA,MEM,0,home,11.5,238.5,,
DET-CHI-2026-02-21,2026-02-21,CHI,DET,0,away,10.5,235,,
SAC-SAS-2026-02-21,2026-02-21,SAS,SAC,0,home,18,230.5,,
HOU-NYK-2026-02-21,2026-02-21,NYK,HOU,0,home,3.5,220,,
CLE-OKC-2026-02-22,2026-02-22,OKC,CLE,0,away,4,228.5,,
BRK-ATL-2026-02-22,2026-02-22,ATL,BRK,0,home,9.5,228.5,,
TOR-MIL-2026-02-22,2026-02-22,MIL,TOR,0,away,3.5,219.5,,
DEN-GSW-2026-02-22,2026-02-22,GSW,DEN,0,away,6.5,228,,
DAL-IND-2026-02-22,2026-02-22,IND,DAL,0,away,1,237.5,,
CHO-WAS-2026-02-22,2026-02-22,WAS,CHO,0,away,10.5,224.5,,
BOS-LAL-2026-02-22,2026-02-22,LAL,BOS,0,away,1,230,,
PHI-MIN-2026-02-22,2026-02-22,MIN,PHI,0,home,9,239.5,,
NYK-CHI-2026-02-22,2026-02-22,CHI,NYK,0,away,9.5,234,,
POR-PHO-2026-02-22,2026-02-22,PHO,POR,0,away,3.5,225,,
ORL-LAC-2026-02-22,2026-02-22,LAC,ORL,0,home,4.5,215.5,,
SAS-DET-2026-02-23,2026-02-23,DET,SAS,0,home,1.5,232.5,,
SAC-MEM-2026-02-23,2026-02-23,MEM,SAC,0,home,2.5,233,,
UTA-HOU-2026-02-23,2026-02-23,HOU,UTA,0,home,13.5,229,,
PHI-IND-2026-02-24,2026-02-24,IND,PHI,0,away,10.5,234.5,,
WAS-ATL-2026-02-24,2026-02-24,ATL,WAS,0,home,12,236.5,,
DAL-BRK-2026-02-24,2026-02-24,BRK,DAL,0,away,1.5,226.5,,
OKC-TOR-2026-02-24,2026-02-24,TOR,OKC,0,home,1.5,216.5,,
NYK-CLE-2026-02-24,2026-02-24,CLE,NYK,0,home,4,231.5,,
CHO-CHI-2026-02-24,2026-02-24,CHI,CHO,0,away,8.5,232.5,,
MIA-MIL-2026-02-24,2026-02-24,MIL,MIA,0,away,6,228.5,,
GSW-NOP-2026-02-24,2026-02-24,NOP,GSW,0,away,1,229,,
BOS-PHO-2026-02-24,2026-02-24,PHO,BOS,0,away,5.5,206.5,,
MIN-POR-2026-02-24,2026-02-24,POR,MIN,0,away,6.5,234.5,,
ORL-LAL-2026-02-24,2026-02-24,LAL,ORL,0,home,6,229.5,,
OKC-DET-2026-02-25,2026-02-25,DET,OKC,0,home,10.5,221,,
SAS-TOR-2026-02-25,2026-02-25,TOR,SAS,0,away,6,230.5,,
GSW-MEM-2026-02-25,2026-02-25,MEM,GSW,0,away,4,226.5,,
SAC-HOU-2026-02-25,2026-02-25,HOU,SAC,0,home,13.5,222.5,,
CLE-MIL-2026-02-25,2026-02-25,MIL,CLE,0,away,3,220,,
BOS-DEN-2026-02-25,2026-02-25,DEN,BOS,0,home,3.5,228.5,,
CHO-IND-2026-02-26,2026-02-26,IND,CHO,0,away,12.5,229.5,,
MIA-PHI-2026-02-26,2026-02-26,PHI,MIA,0,home,2,240.5,,
WAS-ATL-2026-02-26,2026-02-26,ATL,WAS,0,home,10,235.5,,
SAS-BRK-2026-02-26,2026-02-26,BRK,SAS,0,away,10.5,223.5,,
HOU-ORL-2026-02-26,2026-02-26,ORL,HOU,0,away,2.5,214.5,,
POR-CHI-2026-02-26,2026-02-26,CHI,POR,0,away,4,234.5,,
SAC-DAL-2026-02-26,2026-02-26,DAL,SAC,0,home,7.5,234,,
LAL-PHO-2026-02-26,2026-02-26,PHO,LAL,0,away,5.5,223,,
NOP-UTA-2026-02-26,2026-02-26,UTA,NOP,0,away,6.5,245.5,,
MIN-LAC-2026-02-26,2026-02-26,LAC,MIN,0,away,8.5,220.5,,
CLE-DET-2026-02-27,2026-02-27,DET,CLE,0,home,8.5,226.5,,
BRK-BOS-2026-02-27,2026-02-27,BOS,BRK,0,home,16.5,209,,
NYK-MIL-2026-02-27,2026-02-27,MIL,NYK,0,away,8.5,219,,
MEM-DAL-2026-02-27,2026-02-27,DAL,MEM,0,home,4.5,241.5,,
DEN-OKC-2026-02-27,2026-02-27,OKC,DEN,0,home,6.5,235.5,,
POR-CHO-2026-02-28,2026-02-28,CHO,POR,0,home,6.5,229.5,,
HOU-MIA-2026-02-28,2026-02-28,MIA,HOU,0,away,2.5,226.5,,
TOR-WAS-2026-02-28,2026-02-28,WAS,TOR,0,away,13.5,229.5,,
LAL-GSW-2026-02-28,2026-02-28,GSW,LAL,0,away,3.5,225.5,,
NOP-UTA-2026-02-28,2026-02-28,UTA,NOP,0,away,5.5,244.5,,
SAS-NYK-2026-03-01,2026-03-01,NYK,SAS,0,away,1,227.5,,
CLE-BRK-2026-03-01,2026-03-01,BRK,CLE,0,away,12,224,,
MIL-CHI-2026-03-01,2026-03-01,CHI,MIL,0,away,2.5,231.5,,
MIN-DEN-2026-03-01,2026-03-01,DEN,MIN,0,home,2.5,240.5,,
MEM-IND-2026-03-01,2026-03-01,IND,MEM,0,away,1,236.5,,
POR-ATL-2026-03-01,2026-03-01,ATL,POR,0,home,6.5,235.5,,
DET-ORL-2026-03-01,2026-03-01,ORL,DET,0,away,5.5,224.5,,
PHI-BOS-2026-03-01,2026-03-01,BOS,PHI,0,home,9,220.5,,
OKC-DAL-2026-03-01,2026-03-01,DAL,OKC,0,away,16.5,236,,
NOP-LAC-2026-03-01,2026-03-01,LAC,NOP,0,home,8.5,222.5,,
SAC-LAL-2026-03-01,2026-03-01,LAL,SAC,0,home,13,235.5,,
HOU-WAS-2026-03-02,2026-03-02,WAS,HOU,0,away,14.5,225.5,,
BOS-MIL-2026-03-02,2026-03-02,MIL,BOS,0,away,2.5,216,,
DEN-UTA-2026-03-02,2026-03-02,UTA,DEN,0,away,11.5,242.5,,
LAC-GSW-2026-03-02,2026-03-02,GSW,LAC,0,away,1,216.5,,
DAL-CHO-2026-03-03,2026-03-03,CHO,DAL,0,home,13.5,226.5,,
DET-CLE-2026-03-03,2026-03-03,CLE,DET,0,away,2.5,227.5,,
WAS-ORL-2026-03-03,2026-03-03,ORL,WAS,0,home,15.5,228,,
BRK-MIA-2026-03-03,2026-03-03,MIA,BRK,0,home,12.5,226,,
NYK-TOR-2026-03-03,2026-03-03,TOR,NYK,0,away,2.5,221.5,,
SAS-PHI-2026-03-03,2026-03-03,PHI,SAS,0,away,7.5,232,,
OKC-CHI-2026-03-03,2026-03-03,CHI,OKC,0,away,9.5,231,,
MEM-MIN-2026-03-03,2026-03-03,MIN,MEM,0,home,14.5,236.5,,
NOP-LAL-2026-03-03,2026-03-03,LAL,NOP,0,home,8,242.5,,
PHO-SAC-2026-03-03,2026-03-03,SAC,PHO,0,away,9.5,224,,
OKC-NYK-2026-03-04,2026-03-04,NYK,OKC,0,away,4,221.5,,
CHO-BOS-2026-03-04,2026-03-04,BOS,CHO,0,home,6.5,215,,
UTA-PHI-2026-03-04,2026-03-04,PHI,UTA,0,home,7,237.5,,
POR-MEM-2026-03-04,2026-03-04,MEM,POR,0,away,9.5,231,,
ATL-MIL-2026-03-04,2026-03-04,MIL,ATL,0,home,1,232.5,,
IND-LAC-2026-03-04,2026-03-04,LAC,IND,0,home,11.5,230,,
DAL-ORL-2026-03-05,2026-03-05,ORL,DAL,0,home,8,230.5,,
UTA-WAS-2026-03-05,2026-03-05,WAS,UTA,0,home,4,240.5,,
BRK-MIA-2026-03-05,2026-03-05,MIA,BRK,0,home,12.5,225.5,,
GSW-HOU-2026-03-05,2026-03-05,HOU,GSW,0,home,9.5,214.5,,
TOR-MIN-2026-03-05,2026-03-05,MIN,TOR,0,home,5,227,,
DET-SAS-2026-03-05,2026-03-05,SAS,DET,0,home,3,229.5,,
CHI-PHO-2026-03-05,2026-03-05,PHO,CHI,0,home,11.5,224.5,,
LAL-DEN-2026-03-05,2026-03-05,DEN,LAL,0,home,4,241,,
NOP-SAC-2026-03-05,2026-03-05,SAC,NOP,0,away,7,236,,
DAL-BOS-2026-03-06,2026-03-06,BOS,DAL,0,home,15,226.5,,
MIA-CHO-2026-03-06,2026-03-06,CHO,MIA,0,home,7.5,229.5,,
POR-HOU-2026-03-06,2026-03-06,HOU,POR,0,home,6.5,220.5,,
NYK-DEN-2026-03-06,2026-03-06,DEN,NYK,0,home,1,229.5,,
NOP-PHO-2026-03-06,2026-03-06,PHO,NOP,0,home,4,228.5,,
LAC-SAS-2026-03-06,2026-03-06,SAS,LAC,0,home,7,222,,
IND-LAL-2026-03-06,2026-03-06,LAL,IND,0,home,9,235,,
ORL-MIN-2026-03-07,2026-03-07,MIN,ORL,0,home,6.5,225,,
BRK-DET-2026-03-07,2026-03-07,DET,BRK,0,home,13.5,214.5,,
PHI-ATL-2026-03-07,2026-03-07,ATL,PHI,0,home,6.5,234,,
LAC-MEM-2026-03-07,2026-03-07,MEM,LAC,0,away,7.5,229,,
UTA-MIL-2026-03-07,2026-03-07,MIL,UTA,0,home,9.5,231,,
GSW-OKC-2026-03-07,2026-03-07,OKC,GSW,0,home,12,219.5,,
BOS-CLE-2026-03-08,2026-03-08,CLE,BOS,0,home,1.5,224,,
NYK-LAL-2026-03-08,2026-03-08,LAL,NYK,0,away,5,226.5,,
DET-MIA-2026-03-08,2026-03-08,MIA,DET,0,away,1.5,231,,
DAL-TOR-2026-03-08,2026-03-08,TOR,DAL,0,home,10,233.5,,
WAS-NOP-2026-03-08,2026-03-08,NOP,WAS,0,home,11.5,244.5,,
ORL-MIL-2026-03-08,2026-03-08,MIL,ORL,0,away,6.5,217,,
HOU-SAS-2026-03-08,2026-03-08,SAS,HOU,0,home,5.5,223,,
IND-POR-2026-03-08,2026-03-08,POR,IND,0,home,9.5,238,,
CHI-SAC-2026-03-08,2026-03-08,SAC,CHI,0,away,4.5,236,,
CHO-PHO-2026-03-08,2026-03-08,PHO,CHO,0,away,4.5,219,,
PHI-CLE-2026-03-09,2026-03-09,CLE,PHI,0,home,14.5,226,,
MEM-BRK-2026-03-09,2026-03-09,BRK,MEM,0,home,1.5,220,,
DEN-OKC-2026-03-09,2026-03-09,OKC,DEN,0,home,3,237.5,,
GSW-UTA-2026-03-09,2026-03-09,UTA,GSW,0,away,6,226,,
NYK-LAC-2026-03-09,2026-03-09,LAC,NYK,0,away,1.5,221,,
MEM-PHI-2026-03-10,2026-03-10,PHI,MEM,0,home,4.5,229,,
DET-BRK-2026-03-10,2026-03-10,BRK,DET,0,away,15,216.5,,
WAS-MIA-2026-03-10,2026-03-10,MIA,WAS,0,home,16,236,,
DAL-ATL-2026-03-10,2026-03-10,ATL,DAL,0,home,10,241.5,,
TOR-HOU-2026-03-10,2026-03-10,HOU,TOR,0,home,4.5,220,,
PHO-MIL-2026-03-10,2026-03-10,MIL,PHO,0,away,2,219,,
BOS-SAS-2026-03-10,2026-03-10,SAS,BOS,0,home,3.5,221.5,,
CHI-GSW-2026-03-10,2026-03-10,GSW,CHI,0,home,5.5,227,,
CHO-POR-2026-03-10,2026-03-10,POR,CHO,0,away,3,227.5,,
IND-SAC-2026-03-10,2026-03-10,SAC,IND,0,home,3.5,236,,
MIN-LAL-2026-03-10,2026-03-10,LAL,MIN,0,away,2.5,229.5,,
CLE-ORL-2026-03-11,2026-03-11,ORL,CLE,0,away,3.5,226.5,,
TOR-NOP-2026-03-11,2026-03-11,NOP,TOR,0,away,2.5,235.5,,
NYK-UTA-2026-03-11,2026-03-11,UTA,NYK,0,away,14,231.5,,
HOU-DEN-2026-03-11,2026-03-11,DEN,HOU,0,home,7,232,,
CHO-SAC-2026-03-11,2026-03-11,SAC,CHO,0,away,15,224.5,,
MIN-LAC-2026-03-11,2026-03-11,LAC,MIN,0,home,2,226,,
PHI-DET-2026-03-12,2026-03-12,DET,PHI,0,home,14.5,224,,
PHO-IND-2026-03-12,2026-03-12,IND,PHO,0,away,9,222.5,,
WAS-ORL-2026-03-12,2026-03-12,ORL,WAS,0,home,14,236.5,,
BRK-ATL-2026-03-12,2026-03-12,ATL,BRK,0,home,15.5,226.5,,
MIL-MIA-2026-03-12,2026-03-12,MIA,MIL,0,home,6,234.5,,
DAL-MEM-2026-03-12,2026-03-12,MEM,DAL,0,away,5.5,239.5,,
DEN-SAS-2026-03-12,2026-03-12,SAS,DEN,0,home,3.5,241.5,,
BOS-OKC-2026-03-12,2026-03-12,OKC,BOS,0,home,8.5,217,,
CHI-LAL-2026-03-12,2026-03-12,LAL,CHI,0,home,11,240.5,,
MEM-DET-2026-03-13,2026-03-13,DET,MEM,0,home,16.5,233.5,,
NYK-IND-2026-03-13,2026-03-13,IND,NYK,0,away,12.5,228,,
PHO-TOR-2026-03-13,2026-03-13,TOR,PHO,0,home,5.5,221.5,,
CLE-DAL-2026-03-13,2026-03-13,DAL,CLE,0,away,13,236.5,,
NOP-HOU-2026-03-13,2026-03-13,HOU,NOP,0,home,5.5,230,,
MIN-GSW-2026-03-13,2026-03-13,GSW,MIN,0,away,5,224,,
UTA-POR-2026-03-13,2026-03-13,POR,UTA,0,home,15.5,235,,
CHI-LAC-2026-03-13,2026-03-13,LAC,CHI,0,home,13.5,235.5,,
BRK-PHI-2026-03-14,2026-03-14,PHI,BRK,0,home,8.5,217.5,,
MIL-ATL-2026-03-14,2026-03-14,ATL,MIL,0,home,11,228.5,,
CHO-SAS-2026-03-14,2026-03-14,SAS,CHO,0,home,6.5,231.5,,
WAS-BOS-2026-03-14,2026-03-14,BOS,WAS,0,home,20.5,233.5,,
ORL-MIA-2026-03-14,2026-03-14,MIA,ORL,0,home,4.5,237,,
DEN-LAL-2026-03-14,2026-03-14,LAL,DEN,0,away,1.5,245,,
SAC-LAC-2026-03-14,2026-03-14,LAC,SAC,0,home,13.5,231.5,,
MIN-OKC-2026-03-15,2026-03-15,OKC,MIN,0,home,8.5,228,,
DAL-CLE-2026-03-15,2026-03-15,CLE,DAL,0,home,15,233.5,,
DET-TOR-2026-03-15,2026-03-15,TOR,DET,0,away,2.5,224.5,,
IND-MIL-2026-03-15,2026-03-15,MIL,IND,0,home,7.5,228,,
POR-PHI-2026-03-15,2026-03-15,PHI,POR,0,away,8.5,229,,
GSW-NYK-2026-03-15,2026-03-15,NYK,GSW,0,home,15,218.5,,
UTA-SAC-2026-03-15,2026-03-15,SAC,UTA,0,home,3.5,230.5,,
ORL-ATL-2026-03-16,2026-03-16,ATL,ORL,0,home,3.5,232,,
GSW-WAS-2026-03-16,2026-03-16,WAS,GSW,0,away,7.5,234.5,,
POR-BRK-2026-03-16,2026-03-16,BRK,POR,0,away,11,221.5,,
PHO-BOS-2026-03-16,2026-03-16,BOS,PHO,0,home,9,216.5,,
MEM-CHI-2026-03-16,2026-03-16,CHI,MEM,0,home,7.5,243.5,,
DAL-NOP-2026-03-16,2026-03-16,NOP,DAL,0,home,8.5,240.5,,
LAL-HOU-2026-03-16,2026-03-16,HOU,LAL,0,away,1.5,223.5,,
SAS-LAC-2026-03-16,2026-03-16,LAC,SAS,0,away,8,234,,
DET-WAS-2026-03-17,2026-03-17,WAS,DET,0,away,19.5,233.5,,
OKC-ORL-2026-03-17,2026-03-17,ORL,OKC,0,away,9.5,224,,
MIA-CHO-2026-03-17,2026-03-17,CHO,MIA,0,home,5,237,,
IND-NYK-2026-03-17,2026-03-17,NYK,IND,0,home,13.5,223,,
PHO-MIN-2026-03-17,2026-03-17,MIN,PHO,0,home,3.5,221,,
CLE-MIL-2026-03-17,2026-03-17,MIL,CLE,0,away,12.5,226.5,,
SAS-SAC-2026-03-17,2026-03-17,SAC,SAS,0,away,13.5,233.5,,
PHI-DEN-2026-03-17,2026-03-17,DEN,PHI,0,home,15.5,236,,
GSW-BOS-2026-03-18,2026-03-18,BOS,GSW,0,home,11.5,216.5,,
POR-IND-2026-03-18,2026-03-18,IND,POR,0,away,12,232.5,,
OKC-BRK-2026-03-18,2026-03-18,BRK,OKC,0,away,19,215.5,,
LAC-NOP-2026-03-18,2026-03-18,NOP,LAC,0,away,2,238,,
UTA-MIN-2026-03-18,2026-03-18,MIN,UTA,0,home,13,231.5,,
TOR-CHI-2026-03-18,2026-03-18,CHI,TOR,0,away,7.5,237.5,,
ATL-DAL-2026-03-18,2026-03-18,DAL,ATL,0,away,8,239,,
DEN-MEM-2026-03-18,2026-03-18,MEM,DEN,0,away,12.5,247,,
LAL-HOU-2026-03-18,2026-03-18,HOU,LAL,0,home,2,222.5,,
ORL-CHO-2026-03-19,2026-03-19,CHO,ORL,0,home,5.5,226.5,,
DET-WAS-2026-03-19,2026-03-19,WAS,DET,0,away,14,232.5,,
LAL-MIA-2026-03-19,2026-03-19,MIA,LAL,0,home,3.5,242.5,,
CLE-CHI-2026-03-19,2026-03-19,CHI,CLE,0,away,9.5,236.5,,
LAC-NOP-2026-03-19,2026-03-19,NOP,LAC,0,home,4.5,230,,
PHO-SAS-2026-03-19,2026-03-19,SAS,PHO,0,home,9.5,227.5,,
MIL-UTA-2026-03-19,2026-03-19,UTA,MIL,0,away,6,227.5,,
PHI-SAC-2026-03-19,2026-03-19,SAC,PHI,0,away,2.5,228.5,,
NYK-BRK-2026-03-20,2026-03-20,BRK,NYK,0,away,18.5,214.5,,
GSW-DET-2026-03-20,2026-03-20,DET,GSW,0,home,5.5,219,,
ATL-HOU-2026-03-20,2026-03-20,HOU,ATL,0,home,2.5,227,,
BOS-MEM-2026-03-20,2026-03-20,MEM,BOS,0,away,15.5,230.5,,
POR-MIN-2026-03-20,2026-03-20,MIN,POR,0,home,1,231.5,,
TOR-DEN-2026-03-20,2026-03-20,DEN,TOR,0,home,6.5,239.5,,
OKC-WAS-2026-03-21,2026-03-21,WAS,OKC,0,away,21.5,231,,
MEM-CHO-2026-03-21,2026-03-21,CHO,MEM,0,home,18.5,233,,
LAL-ORL-2026-03-21,2026-03-21,ORL,LAL,0,away,3,234,,
CLE-NOP-2026-03-21,2026-03-21,NOP,CLE,0,away,5,237.5,,
GSW-ATL-2026-03-21,2026-03-21,ATL,GSW,0,home,7.5,228,,
MIA-HOU-2026-03-21,2026-03-21,HOU,MIA,0,home,2.5,228.5,,
IND-SAS-2026-03-21,2026-03-21,SAS,IND,0,home,16.5,235.5,,
LAC-DAL-2026-03-21,2026-03-21,DAL,LAC,0,away,7.5,233.5,,
PHI-UTA-2026-03-21,2026-03-21,UTA,PHI,0,away,5.5,228.5,,
MIL-PHO-2026-03-21,2026-03-21,PHO,MIL,0,home,11.5,218,,
POR-DEN-2026-03-22,2026-03-22,DEN,POR,0,home,8,238,,
BRK-SAC-2026-03-22,2026-03-22,SAC,BRK,0,home,7,218.5,,
WAS-NYK-2026-03-22,2026-03-22,NYK,WAS,0,home,22.5,229,,
MIN-BOS-2026-03-22,2026-03-22,BOS,MIN,0,home,10.5,222,,
TOR-PHO-2026-03-22,2026-03-22,PHO,TOR,0,away,4.5,219.5,,
LAL-DET-2026-03-23,2026-03-23,DET,LAL,0,away,1,224.5,,
IND-ORL-2026-03-23,2026-03-23,ORL,IND,0,home,10.5,233.5,,
OKC-PHI-2026-03-23,2026-03-23,PHI,OKC,0,away,16,226.5,,
SAS-MIA-2026-03-23,2026-03-23,MIA,SAS,0,away,3.5,244,,
MEM-ATL-2026-03-23,2026-03-23,ATL,MEM,0,home,13.5,239,,
HOU-CHI-2026-03-23,2026-03-23,CHI,HOU,0,away,8.5,232.5,,
TOR-UTA-2026-03-23,2026-03-23,UTA,TOR,0,away,10.5,231.5,,
GSW-DAL-2026-03-23,2026-03-23,DAL,GSW,0,away,3,230.5,,
BRK-POR-2026-03-23,2026-03-23,POR,BRK,0,home,15.5,218.5,,
MIL-LAC-2026-03-23,2026-03-23,LAC,MIL,0,home,13.5,221.5,,
SAC-CHO-2026-03-24,2026-03-24,CHO,SAC,0,home,17.5,233.5,,
NOP-NYK-2026-03-24,2026-03-24,NYK,NOP,0,home,8.5,229.5,,
ORL-CLE-2026-03-24,2026-03-24,CLE,ORL,0,home,10.5,230,,
DEN-PHO-2026-03-24,2026-03-24,PHO,DEN,0,away,6,233.5,,
ATL-DET-2026-03-25,2026-03-25,DET,ATL,0,home,2.5,230,,
LAL-IND-2026-03-25,2026-03-25,IND,LAL,0,away,8.5,241.5,,
CHI-PHI-2026-03-25,2026-03-25,PHI,CHI,0,home,6.5,241.5,,
OKC-BOS-2026-03-25,2026-03-25,BOS,OKC,0,away,2,222,,
MIA-CLE-2026-03-25,2026-03-25,CLE,MIA,0,home,2.5,243,,
SAS-MEM-2026-03-25,2026-03-25,MEM,SAS,0,away,17,234.5,,
WAS-UTA-2026-03-25,2026-03-25,UTA,WAS,0,home,3,239.5,,
HOU-MIN-2026-03-25,2026-03-25,MIN,HOU,0,away,2,223.5,,
DAL-DEN-2026-03-25,2026-03-25,DEN,DAL,0,home,10.5,246.5,,
BRK-GSW-2026-03-25,2026-03-25,GSW,BRK,0,home,12.5,217.5,,
MIL-POR-2026-03-25,2026-03-25,POR,MIL,0,home,14.5,226.5,,
TOR-LAC-2026-03-25,2026-03-25,LAC,TOR,0,home,4,226.5,,
NYK-CHO-2026-03-26,2026-03-26,CHO,NYK,0,home,2,224,,
NOP-DET-2026-03-26,2026-03-26,DET,NOP,0,home,4.5,226,,
SAC-ORL-2026-03-26,2026-03-26,ORL,SAC,0,home,15.5,230.5,,
LAC-IND-2026-03-27,2026-03-27,IND,LAC,0,away,8.5,236,,
ATL-BOS-2026-03-27,2026-03-27,BOS,ATL,0,home,5,223.5,,
MIA-CLE-2026-03-27,2026-03-27,CLE,MIA,0,home,5.5,241,,
HOU-MEM-2026-03-27,2026-03-27,MEM,HOU,0,away,14,227.5,,
CHI-OKC-2026-03-27,2026-03-27,OKC,CHI,0,home,19,241.5,,
NOP-TOR-2026-03-27,2026-03-27,TOR,NOP,0,home,8.5,229,,
UTA-DEN-2026-03-27,2026-03-27,DEN,UTA,0,home,19.5,247.5,,
WAS-GSW-2026-03-27,2026-03-27,GSW,WAS,0,home,12.5,230,,
DAL-POR-2026-03-27,2026-03-27,POR,DAL,0,home,10.5,239.5,,
BRK-LAL-2026-03-27,2026-03-27,LAL,BRK,0,home,18.5,225,,
SAS-MIL-2026-03-28,2026-03-28,MIL,SAS,0,away,17.5,226.5,,
DET-MIN-2026-03-28,2026-03-28,MIN,DET,0,away,2,222,,
PHI-CHO-2026-03-28,2026-03-28,CHO,PHI,0,home,6.5,232.5,,
SAC-ATL-2026-03-28,2026-03-28,ATL,SAC,0,home,13.5,235.5,,
CHI-MEM-2026-03-28,2026-03-28,MEM,CHI,0,away,5,248,,
UTA-PHO-2026-03-28,2026-03-28,PHO,UTA,0,home,17.5,232.5,,
LAC-MIL-2026-03-29,2026-03-29,MIL,LAC,0,away,17.5,219.5,,
MIA-IND-2026-03-29,2026-03-29,IND,MIA,0,away,8.5,245.5,,
SAC-BRK-2026-03-29,2026-03-29,BRK,SAC,0,home,1.5,217,,
BOS-CHO-2026-03-29,2026-03-29,CHO,BOS,0,home,2.5,217,,
ORL-TOR-2026-03-29,2026-03-29,TOR,ORL,0,home,1.5,226,,
WAS-POR-2026-03-29,2026-03-29,POR,WAS,0,home,16.5,236,,
HOU-NOP-2026-03-29,2026-03-29,NOP,HOU,0,away,6,226.5,,
NYK-OKC-2026-03-29,2026-03-29,OKC,NYK,0,home,8,223.5,,
GSW-DEN-2026-03-29,2026-03-29,DEN,GSW,0,home,11.5,238,,
PHI-MIA-2026-03-30,2026-03-30,MIA,PHI,0,away,2,243,,
BOS-ATL-2026-03-30,2026-03-30,ATL,BOS,0,home,2.5,226.5,,
PHO-MEM-2026-03-30,2026-03-30,MEM,PHO,0,away,12.5,228,,
CHI-SAS-2026-03-30,2026-03-30,SAS,CHI,0,home,18,247,,
MIN-DAL-2026-03-30,2026-03-30,DAL,MIN,0,away,8.5,236.5,,
CLE-UTA-2026-03-30,2026-03-30,UTA,CLE,0,away,16.5,241.5,,
DET-OKC-2026-03-30,2026-03-30,OKC,DET,0,home,12,217.5,,
WAS-LAL-2026-03-30,2026-03-30,LAL,WAS,0,home,15.5,236.5,,
PHO-ORL-2026-03-31,2026-03-31,ORL,PHO,0,home,2,225.5,,
CHO-BRK-2026-03-31,2026-03-31,BRK,CHO,0,away,18,219.5,,
TOR-DET-2026-03-31,2026-03-31,DET,TOR,0,home,3.5,220.5,,
NYK-HOU-2026-03-31,2026-03-31,HOU,NYK,0,away,1.5,218.5,,
DAL-MIL-2026-03-31,2026-03-31,MIL,DAL,0,away,2.5,231.5,,
CLE-LAL-2026-03-31,2026-03-31,LAL,CLE,0,home,2.5,236,,
POR-LAC-2026-03-31,2026-03-31,LAC,POR,0,home,4.5,225.5,,
PHI-WAS-2026-04-01,2026-04-01,WAS,PHI,0,away,14.5,238.5,,
ATL-ORL-2026-04-01,2026-04-01,ORL,ATL,0,away,2.5,235.5,,
BOS-MIA-2026-04-01,2026-04-01,MIA,BOS,0,away,4.5,229.5,,
NYK-MEM-2026-04-01,2026-04-01,MEM,NYK,0,away,13.5,225.5,,
SAC-TOR-2026-04-01,2026-04-01,TOR,SAC,0,home,13,228.5,,
IND-CHI-2026-04-01,2026-04-01,CHI,IND,0,home,3.5,247,,
MIL-HOU-2026-04-01,2026-04-01,HOU,MIL,0,home,19.5,215.5,,
DEN-UTA-2026-04-01,2026-04-01,UTA,DEN,0,away,17,249.5,,
SAS-GSW-2026-04-01,2026-04-01,GSW,SAS,0,away,14.5,227.5,,
PHO-CHO-2026-04-02,2026-04-02,CHO,PHO,0,home,6,227.5,,
MIN-DET-2026-04-02,2026-04-02,DET,MIN,0,home,5.5,220.5,,
LAL-OKC-2026-04-02,2026-04-02,OKC,LAL,0,home,9.5,233,,
CLE-GSW-2026-04-02,2026-04-02,GSW,CLE,0,away,10.5,229.5,,
NOP-POR-2026-04-02,2026-04-02,POR,NOP,0,home,6.5,234.5,,
SAS-LAC-2026-04-02,2026-04-02,LAC,SAS,0,home,2.5,232,,
IND-CHO-2026-04-03,2026-04-03,CHO,IND,0,home,15.5,234.5,,
MIN-PHI-2026-04-03,2026-04-03,PHI,MIN,0,home,3.5,234,,
ATL-BRK-2026-04-03,2026-04-03,BRK,ATL,0,away,17,225,,
CHI-NYK-2026-04-03,2026-04-03,NYK,CHI,0,home,13.5,236.5,,
UTA-HOU-2026-04-03,2026-04-03,HOU,UTA,0,home,18.5,233.5,,
TOR-MEM-2026-04-03,2026-04-03,MEM,TOR,0,away,14.5,233.5,,
BOS-MIL-2026-04-03,2026-04-03,MIL,BOS,0,away,18,217.5,,
ORL-DAL-2026-04-03,2026-04-03,DAL,ORL,0,away,6.5,239.5,,
NOP-SAC-2026-04-03,2026-04-03,SAC,NOP,0,away,6.5,232.5,,
WAS-MIA-2026-04-04,2026-04-04,MIA,WAS,0,home,17.5,246.5,,
SAS-DEN-2026-04-04,2026-04-04,DEN,SAS,0,away,1.5,243.5,,
DET-PHI-2026-04-04,2026-04-04,PHI,DET,0,away,4,226,,
TOR-BOS-2026-04-05,2026-04-05,BOS,TOR,0,home,9,220.5,,
WAS-BRK-2026-04-05,2026-04-05,BRK,WAS,0,home,3.5,230.5,,
PHO-CHI-2026-04-05,2026-04-05,CHI,PHO,0,away,11.5,242.5,,
MEM-MIL-2026-04-05,2026-04-05,MIL,MEM,0,home,7,229.5,,
IND-CLE-2026-04-05,2026-04-05,CLE,IND,0,home,16.5,239.5,,
CHO-MIN-2026-04-05,2026-04-05,MIN,CHO,0,away,4.5,226,,
ORL-NOP-2026-04-05,2026-04-05,NOP,ORL,0,away,6.5,236.5,,
UTA-OKC-2026-04-05,2026-04-05,OKC,UTA,0,home,24.5,239.5,,
LAL-DAL-2026-04-05,2026-04-05,DAL,LAL,0,away,1.5,234.5,,
LAC-SAC-2026-04-05,2026-04-05,SAC,LAC,0,away,13.5,228.5,,
HOU-GSW-2026-04-05,2026-04-05,GSW,HOU,0,away,3.5,227,,
NYK-ATL-2026-04-06,2026-04-06,ATL,NYK,0,home,1.5,226.5,,
DET-ORL-2026-04-06,2026-04-06,ORL,DET,0,away,1,222.5,,
CLE-MEM-2026-04-06,2026-04-06,MEM,CLE,0,away,13.5,231.5,,
PHI-SAS-2026-04-06,2026-04-06,SAS,PHI,0,home,8.5,237,,
POR-DEN-2026-04-06,2026-04-06,DEN,POR,0,home,7.5,235.5,,
MIN-IND-2026-04-07,2026-04-07,IND,MIN,0,away,12.5,235.5,,
CHI-WAS-2026-04-07,2026-04-07,WAS,CHI,0,away,6,249.5,,
MIL-BRK-2026-04-07,2026-04-07,BRK,MIL,0,away,1.5,218,,
MIA-TOR-2026-04-07,2026-04-07,TOR,MIA,0,home,2.5,241,,
CHO-BOS-2026-04-07,2026-04-07,BOS,CHO,0,home,4.5,221,,
UTA-NOP-2026-04-07,2026-04-07,NOP,UTA,0,home,6.5,243,,
SAC-GSW-2026-04-07,2026-04-07,GSW,SAC,0,home,15,233.5,,
DAL-LAC-2026-04-07,2026-04-07,LAC,DAL,0,home,12,235.5,,
OKC-LAL-2026-04-07,2026-04-07,LAL,OKC,0,away,18,221,,
HOU-PHO-2026-04-07,2026-04-07,PHO,HOU,0,away,1,221.5,,
MIN-ORL-2026-04-08,2026-04-08,ORL,MIN,0,home,11.5,233.5,,
ATL-CLE-2026-04-08,2026-04-08,CLE,ATL,0,home,4,236.5,,
MIL-DET-2026-04-08,2026-04-08,DET,MIL,0,home,22,222.5,,
MEM-DEN-2026-04-08,2026-04-08,DEN,MEM,0,home,23.5,247.5,,
POR-SAS-2026-04-08,2026-04-08,SAS,POR,0,home,3.5,229.5,,
OKC-LAC-2026-04-08,2026-04-08,LAC,OKC,0,away,8.5,223.5,,
DAL-PHO-2026-04-08,2026-04-08,PHO,DAL,0,home,12.5,233.5,,
CHI-WAS-2026-04-09,2026-04-09,WAS,CHI,0,away,6.5,249,,
MIA-TOR-2026-04-09,2026-04-09,TOR,MIA,0,home,4,236.5,,
BOS-NYK-2026-04-09,2026-04-09,NYK,BOS,0,home,4,211.5,,
IND-BRK-2026-04-09,2026-04-09,BRK,IND,0,away,3,225.5,,
PHI-HOU-2026-04-09,2026-04-09,HOU,PHI,0,home,6,226.5,,
LAL-GSW-2026-04-09,2026-04-09,GSW,LAL,0,home,1.5,222.5,,
DET-CHO-2026-04-10,2026-04-10,CHO,DET,0,home,5.5,225.5,,
MIA-WAS-2026-04-10,2026-04-10,WAS,MIA,0,away,16,244,,
CLE-ATL-2026-04-10,2026-04-10,ATL,CLE,0,home,8,233,,
NOP-BOS-2026-04-10,2026-04-10,BOS,NOP,0,home,18,227,,
TOR-NYK-2026-04-10,2026-04-10,NYK,TOR,0,home,6.5,219.5,,
PHI-IND-2026-04-10,2026-04-10,IND,PHI,0,away,14.5,233.5,,
ORL-CHI-2026-04-10,2026-04-10,CHI,ORL,0,away,16.5,246.5,,
DAL-SAS-2026-04-10,2026-04-10,SAS,DAL,0,home,18.5,237,,
BRK-MIL-2026-04-10,2026-04-10,MIL,BRK,0,home,10.5,218.5,,
OKC-DEN-2026-04-10,2026-04-10,DEN,OKC,0,home,2.5,222.5,,
MEM-UTA-2026-04-10,2026-04-10,UTA,MEM,0,home,4.5,248.5,,
MIN-HOU-2026-04-10,2026-04-10,HOU,MIN,0,home,9.5,228,,
GSW-SAC-2026-04-10,2026-04-10,SAC,GSW,0,away,10.5,229.5,,
LAC-POR-2026-04-10,2026-04-10,POR,LAC,0,home,1.5,226.5,,
PHO-LAL-2026-04-10,2026-04-10,LAL,PHO,0,away,2.5,217,,
BRK-TOR-2026-04-12,2026-04-12,TOR,BRK,0,home,24,219.5,,
MIL-PHI-2026-04-12,2026-04-12,PHI,MIL,0,home,16.5,224.5,,
CHO-NYK-2026-04-12,2026-04-12,NYK,CHO,0,away,14.5,217,,
ORL-BOS-2026-04-12,2026-04-12,BOS,ORL,0,away,12.5,222.5,,
DET-IND-2026-04-12,2026-04-12,IND,DET,0,away,16.5,231.5,,
WAS-CLE-2026-04-12,2026-04-12,CLE,WAS,0,home,10.5,234,,
ATL-MIA-2026-04-12,2026-04-12,MIA,ATL,0,home,10.5,240.5,,
GSW-LAC-2026-04-12,2026-04-12,LAC,GSW,0,home,4,229.5,,
CHI-DAL-2026-04-12,2026-04-12,DAL,CHI,0,home,5,250,,
MEM-HOU-2026-04-12,2026-04-12,HOU,MEM,0,home,14.5,230.5,,
NOP-MIN-2026-04-12,2026-04-12,MIN,NOP,0,home,3.5,239,,
PHO-OKC-2026-04-12,2026-04-12,OKC,PHO,0,home,7.5,213,,
DEN-SAS-2026-04-12,2026-04-12,SAS,DEN,0,home,9.5,235,,
UTA-LAL-2026-04-12,2026-04-12,LAL,UTA,0,home,14.5,239,,
SAC-POR-2026-04-12,2026-04-12,POR,SAC,0,home,18.5,226.5,,
MIA-CHO-2026-04-14,2026-04-14,CHO,MIA,0,home,6.5,228.5,,
POR-PHO-2026-04-14,2026-04-14,PHO,POR,0,home,3,215.5,,
ORL-PHI-2026-04-15,2026-04-15,PHI,ORL,0,home,1,223.5,,
GSW-LAC-2026-04-15,2026-04-15,LAC,GSW,0,home,5.5,220.5,,
CHO-ORL-2026-04-17,2026-04-17,ORL,CHO,0,away,2.5,218,,
GSW-PHO-2026-04-17,2026-04-17,PHO,GSW,0,home,3,219.5,,
TOR-CLE-2026-04-18,2026-04-18,CLE,TOR,1,home,8.5,222,,
MIN-DEN-2026-04-18,2026-04-18,DEN,MIN,1,home,7,233,,
ATL-NYK-2026-04-18,2026-04-18,NYK,ATL,1,home,6,218.5,,
HOU-LAL-2026-04-18,2026-04-18,LAL,HOU,1,away,2.5,208.5,,
PHI-BOS-2026-04-19,2026-04-19,BOS,PHI,1,home,12.5,216.5,,
PHO-OKC-2026-04-19,2026-04-19,OKC,PHO,1,home,16.5,216.5,,
ORL-DET-2026-04-19,2026-04-19,DET,ORL,1,home,8.5,221.5,,
POR-SAS-2026-04-19,2026-04-19,SAS,POR,1,home,12.5,222.5,,
TOR-CLE-2026-04-20,2026-04-20,CLE,TOR,1,home,9,222,,
ATL-NYK-2026-04-20,2026-04-20,NYK,ATL,1,home,6,217.5,,
MIN-DEN-2026-04-20,2026-04-20,DEN,MIN,1,home,7,232,,
PHI-BOS-2026-04-21,2026-04-21,BOS,PHI,1,home,13.5,218.5,,
POR-SAS-2026-04-21,2026-04-21,SAS,POR,1,home,10.5,221.5,,
HOU-LAL-2026-04-21,2026-04-21,LAL,HOU,1,away,5.5,209.5,,
ORL-DET-2026-04-22,2026-04-22,DET,ORL,1,home,8.5,219,,
PHO-OKC-2026-04-22,2026-04-22,OKC,PHO,1,home,17.5,216,,
NYK-ATL-2026-04-23,2026-04-23,ATL,NYK,1,away,1.5,214.5,,
CLE-TOR-2026-04-23,2026-04-23,TOR,CLE,1,away,2.5,221,,
DEN-MIN-2026-04-23,2026-04-23,MIN,DEN,1,home,1.5,232,,
BOS-PHI-2026-04-24,2026-04-24,PHI,BOS,1,away,8.5,215.5,,
LAL-HOU-2026-04-24,2026-04-24,HOU,LAL,1,home,7.5,206.5,,
SAS-POR-2026-04-24,2026-04-24,POR,SAS,1,away,1.5,220.5,,
DET-ORL-2026-04-25,2026-04-25,ORL,DET,1,away,2.5,215.5,,
OKC-PHO-2026-04-25,2026-04-25,PHO,OKC,1,away,8.5,212.5,,
NYK-ATL-2026-04-25,2026-04-25,ATL,NYK,1,away,2.5,215.5,,
DEN-MIN-2026-04-25,2026-04-25,MIN,DEN,1,away,1.5,228,,
CLE-TOR-2026-04-26,2026-04-26,TOR,CLE,1,away,4.5,219,,
SAS-POR-2026-04-26,2026-04-26,POR,SAS,1,away,5.5,217,,
BOS-PHI-2026-04-26,2026-04-26,PHI,BOS,1,away,6.5,213.5,,
LAL-HOU-2026-04-26,2026-04-26,HOU,LAL,1,home,4.5,189.5,,
DET-ORL-2026-04-27,2026-04-27,ORL,DET,1,away,3.5,214,,
OKC-PHO-2026-04-27,2026-04-27,PHO,OKC,1,away,11.5,216,,
MIN-DEN-2026-04-27,2026-04-27,DEN,MIN,1,home,11.5,225.5,,
PHI-BOS-2026-04-28,2026-04-28,BOS,PHI,1,home,10.5,214.5,,
ATL-NYK-2026-04-28,2026-04-28,NYK,ATL,1,home,6.5,215,,
POR-SAS-2026-04-28,2026-04-28,SAS,POR,1,home,11.5,219,,
ORL-DET-2026-04-29,2026-04-29,DET,ORL,1,home,11.5,211,,
TOR-CLE-2026-04-29,2026-04-29,CLE,TOR,1,home,9.5,219.5,,
HOU-LAL-2026-04-29,2026-04-29,LAL,HOU,1,home,3.5,209.5,,
NYK-ATL-2026-04-30,2026-04-30,ATL,NYK,1,away,2.5,214.5,,
BOS-PHI-2026-04-30,2026-04-30,PHI,BOS,1,away,6.5,214,,
DEN-MIN-2026-04-30,2026-04-30,MIN,DEN,1,away,7.5,223.5,,
DET-ORL-2026-05-01,2026-05-01,ORL,DET,1,away,3.5,210,,
CLE-TOR-2026-05-01,2026-05-01,TOR,CLE,1,away,4.5,218.5,,
LAL-HOU-2026-05-01,2026-05-01,HOU,LAL,1,home,3.5,205.5,,
PHI-BOS-2026-05-02,2026-05-02,BOS,PHI,1,home,5.5,205,,
ORL-DET-2026-05-03,2026-05-03,DET,ORL,1,home,8.5,201,,
TOR-CLE-2026-05-03,2026-05-03,CLE,TOR,1,home,8.5,209,,
PHI-NYK-2026-05-04,2026-05-04,NYK,PHI,1,home,7.5,213,,
MIN-SAS-2026-05-04,2026-05-04,SAS,MIN,1,home,11.5,218,,
CLE-DET-2026-05-05,2026-05-05,DET,CLE,1,home,3.5,216.5,,
LAL-OKC-2026-05-05,2026-05-05,OKC,LAL,1,home,15.5,214,,
PHI-NYK-2026-05-06,2026-05-06,NYK,PHI,1,home,10.5,213.5,,
MIN-SAS-2026-05-06,2026-05-06,SAS,MIN,1,home,10.5,217.5,,
CLE-DET-2026-05-07,2026-05-07,DET,CLE,1,home,3.5,215,,
LAL-OKC-2026-05-07,2026-05-07,OKC,LAL,1,home,15.5,211.5,,
NYK-PHI-2026-05-08,2026-05-08,PHI,NYK,1,home,3.5,214.5,,
SAS-MIN-2026-05-08,2026-05-08,MIN,SAS,1,away,5.5,216.5,,
DET-CLE-2026-05-09,2026-05-09,CLE,DET,1,home,5.5,211.5,,
OKC-LAL-2026-05-09,2026-05-09,LAL,OKC,1,away,8.5,210.5,,
NYK-PHI-2026-05-10,2026-05-10,PHI,NYK,1,away,1.5,214,,
SAS-MIN-2026-05-10,2026-05-10,MIN,SAS,1,away,5.5,218.5,,
DET-CLE-2026-05-11,2026-05-11,CLE,DET,1,home,3.5,212.5,,
OKC-LAL-2026-05-11,2026-05-11,LAL,OKC,1,away,12.5,214.5,,
MIN-SAS-2026-05-12,2026-05-12,SAS,MIN,1,home,9.5,218.5,,
CLE-DET-2026-05-13,2026-05-13,DET,CLE,1,home,4.5,211,,
DET-CLE-2026-05-15,2026-05-15,CLE,DET,1,home,4.5,209.5,,
SAS-MIN-2026-05-15,2026-05-15,MIN,SAS,1,away,5.5,219,,
CLE-DET-2026-05-17,2026-05-17,DET,CLE,1,home,4.5,205,,
SAS-OKC-2026-05-18,2026-05-18,OKC,SAS,1,home,6.5,219.5,,
CLE-NYK-2026-05-19,2026-05-19,NYK,CLE,1,home,6.5,218,,
SAS-OKC-2026-05-20,2026-05-20,OKC,SAS,1,home,7.5,214,,
CLE-NYK-2026-05-21,2026-05-21,NYK,CLE,1,home,5.5,215.5,,
OKC-SAS-2026-05-22,2026-05-22,SAS,OKC,1,home,2.5,219,,
NYK-CLE-2026-05-23,2026-05-23,CLE,NYK,1,home,3.5,215.5,,
OKC-SAS-2026-05-24,2026-05-24,SAS,OKC,1,home,2.5,219.5,,
NYK-CLE-2026-05-25,2026-05-25,CLE,NYK,1,away,2.5,218.5,,
SAS-OKC-2026-05-26,2026-05-26,OKC,SAS,1,home,3.5,217,,
OKC-SAS-2026-05-28,2026-05-28,SAS,OKC,1,home,3.5,219.5,,
SAS-OKC-2026-05-30,2026-05-30,OKC,SAS,1,home,3.5,211.5,,
NYK-SAS-2026-06-03,2026-06-03,SAS,NYK,1,home,5.5,217.5,,
NYK-SAS-2026-06-05,2026-06-05,SAS,NYK,1,home,6.5,217.5,,
SAS-NYK-2026-06-08,2026-06-08,NYK,SAS,1,home,1.5,215.5,,
SAS-NYK-2026-06-10,2026-06-10,NYK,SAS,1,home,2.5,216.5,,
NYK-SAS-2026-06-13,2026-06-13,SAS,NYK,1,home,5.5,215.5,,
